PACKED,NULLABLE,SUB_PART,COMMENT,INDEX_NAME,INDEX_TYPE,NON_UNIQUE,COLLATION,INDEX_SCHEMA,SEQ_IN_INDEX,TABLE_SCHEMA,TABLE_NAME,TABLE_CATALOG,CARDINALITY,COLUMN_NAME
NULL,<blank>,NULL,<blank>,PRIMARY,BTREE,0,A,dvwa,1,dvwa,guestbook,NULL,1,comment_id
NULL,<blank>,NULL,<blank>,PRIMARY,BTREE,0,A,dvwa,1,dvwa,users,NULL,5,user_id
NULL,<blank>,NULL,<blank>,PRIMARY,BTREE,0,A,mysql,1,mysql,columns_priv,NULL,NULL,Host
NULL,<blank>,NULL,<blank>,PRIMARY,BTREE,0,A,mysql,2,mysql,columns_priv,NULL,NULL,Db
NULL,<blank>,NULL,<blank>,PRIMARY,BTREE,0,A,mysql,3,mysql,columns_priv,NULL,NULL,User
NULL,<blank>,NULL,<blank>,PRIMARY,BTREE,0,A,mysql,4,mysql,columns_priv,NULL,NULL,Table_name
NULL,<blank>,NULL,<blank>,PRIMARY,BTREE,0,A,mysql,5,mysql,columns_priv,NULL,0,Column_name
NULL,<blank>,NULL,<blank>,PRIMARY,BTREE,0,A,mysql,1,mysql,db,NULL,NULL,Host
NULL,<blank>,NULL,<blank>,PRIMARY,BTREE,0,A,mysql,2,mysql,db,NULL,NULL,Db
NULL,<blank>,NULL,<blank>,PRIMARY,BTREE,0,A,mysql,3,mysql,db,NULL,2,User
NULL,<blank>,NULL,<blank>,User,BTREE,1,A,mysql,1,mysql,db,NULL,NULL,User
NULL,<blank>,NULL,<blank>,PRIMARY,BTREE,0,A,mysql,1,mysql,func,NULL,0,name
NULL,<blank>,NULL,<blank>,PRIMARY,BTREE,0,A,mysql,1,mysql,help_category,NULL,36,help_category_id
NULL,<blank>,NULL,<blank>,name,BTREE,0,A,mysql,1,mysql,help_category,NULL,36,name
NULL,<blank>,NULL,<blank>,PRIMARY,BTREE,0,A,mysql,1,mysql,help_keyword,NULL,401,help_keyword_id
NULL,<blank>,NULL,<blank>,name,BTREE,0,A,mysql,1,mysql,help_keyword,NULL,401,name
NULL,<blank>,NULL,<blank>,PRIMARY,BTREE,0,A,mysql,1,mysql,help_relation,NULL,NULL,help_keyword_id
NULL,<blank>,NULL,<blank>,PRIMARY,BTREE,0,A,mysql,2,mysql,help_relation,NULL,825,help_topic_id
NULL,<blank>,NULL,<blank>,PRIMARY,BTREE,0,A,mysql,1,mysql,help_topic,NULL,475,help_topic_id
NULL,<blank>,NULL,<blank>,name,BTREE,0,A,mysql,1,mysql,help_topic,NULL,475,name
NULL,<blank>,NULL,<blank>,PRIMARY,BTREE,0,A,mysql,1,mysql,host,NULL,NULL,Host
NULL,<blank>,NULL,<blank>,PRIMARY,BTREE,0,A,mysql,2,mysql,host,NULL,0,Db
NULL,<blank>,NULL,<blank>,PRIMARY,BTREE,0,A,mysql,1,mysql,proc,NULL,1,db
NULL,<blank>,NULL,<blank>,PRIMARY,BTREE,0,A,mysql,2,mysql,proc,NULL,3,name
NULL,<blank>,NULL,<blank>,PRIMARY,BTREE,0,A,mysql,3,mysql,proc,NULL,3,type
NULL,<blank>,NULL,<blank>,PRIMARY,BTREE,0,A,mysql,1,mysql,procs_priv,NULL,NULL,Host
NULL,<blank>,NULL,<blank>,PRIMARY,BTREE,0,A,mysql,2,mysql,procs_priv,NULL,NULL,Db
NULL,<blank>,NULL,<blank>,PRIMARY,BTREE,0,A,mysql,3,mysql,procs_priv,NULL,NULL,User
NULL,<blank>,NULL,<blank>,PRIMARY,BTREE,0,A,mysql,4,mysql,procs_priv,NULL,NULL,Routine_name
NULL,<blank>,NULL,<blank>,PRIMARY,BTREE,0,A,mysql,5,mysql,procs_priv,NULL,0,Routine_type
NULL,<blank>,NULL,<blank>,Grantor,BTREE,1,A,mysql,1,mysql,procs_priv,NULL,NULL,Grantor
NULL,<blank>,NULL,<blank>,PRIMARY,BTREE,0,A,mysql,1,mysql,tables_priv,NULL,NULL,Host
NULL,<blank>,NULL,<blank>,PRIMARY,BTREE,0,A,mysql,2,mysql,tables_priv,NULL,NULL,Db
NULL,<blank>,NULL,<blank>,PRIMARY,BTREE,0,A,mysql,3,mysql,tables_priv,NULL,NULL,User
NULL,<blank>,NULL,<blank>,PRIMARY,BTREE,0,A,mysql,4,mysql,tables_priv,NULL,0,Table_name
NULL,<blank>,NULL,<blank>,Grantor,BTREE,1,A,mysql,1,mysql,tables_priv,NULL,NULL,Grantor
NULL,<blank>,NULL,<blank>,PRIMARY,BTREE,0,A,mysql,1,mysql,time_zone,NULL,0,Time_zone_id
NULL,<blank>,NULL,<blank>,PRIMARY,BTREE,0,A,mysql,1,mysql,time_zone_leap_second,NULL,0,Transition_time
NULL,<blank>,NULL,<blank>,PRIMARY,BTREE,0,A,mysql,1,mysql,time_zone_name,NULL,0,Name
NULL,<blank>,NULL,<blank>,PRIMARY,BTREE,0,A,mysql,1,mysql,time_zone_transition,NULL,NULL,Time_zone_id
NULL,<blank>,NULL,<blank>,PRIMARY,BTREE,0,A,mysql,2,mysql,time_zone_transition,NULL,0,Transition_time
NULL,<blank>,NULL,<blank>,PRIMARY,BTREE,0,A,mysql,1,mysql,time_zone_transition_type,NULL,NULL,Time_zone_id
NULL,<blank>,NULL,<blank>,PRIMARY,BTREE,0,A,mysql,2,mysql,time_zone_transition_type,NULL,0,Transition_type_id
NULL,<blank>,NULL,<blank>,PRIMARY,BTREE,0,A,mysql,1,mysql,user,NULL,1,Host
NULL,<blank>,NULL,<blank>,PRIMARY,BTREE,0,A,mysql,2,mysql,user,NULL,3,User
NULL,<blank>,NULL,<blank>,PRIMARY,BTREE,0,A,owasp10,1,owasp10,accounts,NULL,16,cid
NULL,<blank>,NULL,<blank>,PRIMARY,BTREE,0,A,owasp10,1,owasp10,blogs_table,NULL,12,cid
NULL,<blank>,NULL,<blank>,PRIMARY,BTREE,0,A,owasp10,1,owasp10,captured_data,NULL,0,data_id
NULL,<blank>,NULL,<blank>,PRIMARY,BTREE,0,A,owasp10,1,owasp10,credit_cards,NULL,5,ccid
NULL,<blank>,NULL,<blank>,PRIMARY,BTREE,0,A,owasp10,1,owasp10,hitlog,NULL,0,cid
NULL,<blank>,NULL,<blank>,PRIMARY,BTREE,0,A,owasp10,1,owasp10,pen_test_tools,NULL,20,tool_id
NULL,<blank>,NULL,<blank>,PRIMARY,BTREE,0,A,tikiwiki,1,tikiwiki,galaxia_activities,NULL,0,activityId
NULL,<blank>,NULL,<blank>,PRIMARY,BTREE,0,A,tikiwiki,1,tikiwiki,galaxia_activity_roles,NULL,NULL,activityId
NULL,<blank>,NULL,<blank>,PRIMARY,BTREE,0,A,tikiwiki,2,tikiwiki,galaxia_activity_roles,NULL,0,roleId
NULL,<blank>,NULL,<blank>,PRIMARY,BTREE,0,A,tikiwiki,1,tikiwiki,galaxia_instance_activities,NULL,NULL,instanceId
NULL,<blank>,NULL,<blank>,PRIMARY,BTREE,0,A,tikiwiki,2,tikiwiki,galaxia_instance_activities,NULL,0,activityId
NULL,<blank>,NULL,<blank>,PRIMARY,BTREE,0,A,tikiwiki,1,tikiwiki,galaxia_instance_comments,NULL,0,cId
NULL,<blank>,NULL,<blank>,PRIMARY,BTREE,0,A,tikiwiki,1,tikiwiki,galaxia_instances,NULL,0,instanceId
NULL,<blank>,NULL,<blank>,PRIMARY,BTREE,0,A,tikiwiki,1,tikiwiki,galaxia_processes,NULL,0,pId
NULL,<blank>,NULL,<blank>,PRIMARY,BTREE,0,A,tikiwiki,1,tikiwiki,galaxia_roles,NULL,0,roleId
NULL,<blank>,NULL,<blank>,PRIMARY,BTREE,0,A,tikiwiki,1,tikiwiki,galaxia_transitions,NULL,NULL,actFromId
NULL,<blank>,NULL,<blank>,PRIMARY,BTREE,0,A,tikiwiki,2,tikiwiki,galaxia_transitions,NULL,0,actToId
NULL,<blank>,NULL,<blank>,PRIMARY,BTREE,0,A,tikiwiki,1,tikiwiki,galaxia_user_roles,NULL,NULL,roleId
NULL,<blank>,NULL,<blank>,PRIMARY,BTREE,0,A,tikiwiki,2,tikiwiki,galaxia_user_roles,NULL,0,user
NULL,<blank>,NULL,<blank>,PRIMARY,BTREE,0,A,tikiwiki,1,tikiwiki,galaxia_workitems,NULL,0,itemId
NULL,<blank>,NULL,<blank>,PRIMARY,BTREE,0,A,tikiwiki,1,tikiwiki,messu_archive,NULL,0,msgId
NULL,<blank>,NULL,<blank>,PRIMARY,BTREE,0,A,tikiwiki,1,tikiwiki,messu_messages,NULL,0,msgId
NULL,<blank>,NULL,<blank>,userIsRead,BTREE,1,A,tikiwiki,1,tikiwiki,messu_messages,NULL,NULL,user
NULL,YES,NULL,<blank>,userIsRead,BTREE,1,A,tikiwiki,2,tikiwiki,messu_messages,NULL,NULL,isRead
NULL,<blank>,NULL,<blank>,PRIMARY,BTREE,0,A,tikiwiki,1,tikiwiki,messu_sent,NULL,0,msgId
NULL,<blank>,NULL,<blank>,PRIMARY,BTREE,0,A,tikiwiki,1,tikiwiki,sessions,NULL,0,sesskey
NULL,<blank>,NULL,<blank>,expiry,BTREE,1,A,tikiwiki,1,tikiwiki,sessions,NULL,NULL,expiry
NULL,<blank>,NULL,<blank>,PRIMARY,BTREE,0,A,tikiwiki,1,tikiwiki,tiki_article_types,NULL,4,type
NULL,YES,NULL,<blank>,show_pre_publ,BTREE,1,A,tikiwiki,1,tikiwiki,tiki_article_types,NULL,NULL,show_pre_publ
NULL,YES,NULL,<blank>,show_post_expire,BTREE,1,A,tikiwiki,1,tikiwiki,tiki_article_types,NULL,NULL,show_post_expire
NULL,<blank>,NULL,<blank>,PRIMARY,BTREE,0,A,tikiwiki,1,tikiwiki,tiki_articles,NULL,0,articleId
NULL,YES,NULL,<blank>,title,BTREE,1,A,tikiwiki,1,tikiwiki,tiki_articles,NULL,NULL,title
NULL,YES,255,<blank>,heading,BTREE,1,A,tikiwiki,1,tikiwiki,tiki_articles,NULL,NULL,heading
NULL,YES,255,<blank>,body,BTREE,1,A,tikiwiki,1,tikiwiki,tiki_articles,NULL,NULL,body
NULL,YES,NULL,<blank>,nbreads,BTREE,1,A,tikiwiki,1,tikiwiki,tiki_articles,NULL,NULL,nbreads
NULL,YES,32,<blank>,author,BTREE,1,A,tikiwiki,1,tikiwiki,tiki_articles,NULL,NULL,author
NULL,YES,NULL,<blank>,topicId,BTREE,1,A,tikiwiki,1,tikiwiki,tiki_articles,NULL,NULL,topicId
NULL,YES,NULL,<blank>,publishDate,BTREE,1,A,tikiwiki,1,tikiwiki,tiki_articles,NULL,NULL,publishDate
NULL,YES,NULL,<blank>,expireDate,BTREE,1,A,tikiwiki,1,tikiwiki,tiki_articles,NULL,NULL,expireDate
NULL,YES,NULL,<blank>,type,BTREE,1,A,tikiwiki,1,tikiwiki,tiki_articles,NULL,NULL,type
NULL,YES,NULL,<blank>,ft,FULLTEXT,1,NULL,tikiwiki,1,tikiwiki,tiki_articles,NULL,NULL,title
NULL,YES,NULL,<blank>,ft,FULLTEXT,1,NULL,tikiwiki,2,tikiwiki,tiki_articles,NULL,NULL,heading
NULL,YES,NULL,<blank>,ft,FULLTEXT,1,NULL,tikiwiki,3,tikiwiki,tiki_articles,NULL,NULL,body
NULL,<blank>,NULL,<blank>,PRIMARY,BTREE,0,A,tikiwiki,1,tikiwiki,tiki_banners,NULL,0,bannerId
NULL,<blank>,NULL,<blank>,PRIMARY,BTREE,0,A,tikiwiki,1,tikiwiki,tiki_banning,NULL,0,banId
NULL,<blank>,NULL,<blank>,PRIMARY,BTREE,0,A,tikiwiki,1,tikiwiki,tiki_banning_sections,NULL,NULL,banId
NULL,<blank>,NULL,<blank>,PRIMARY,BTREE,0,A,tikiwiki,2,tikiwiki,tiki_banning_sections,NULL,0,section
NULL,<blank>,NULL,<blank>,PRIMARY,BTREE,0,A,tikiwiki,1,tikiwiki,tiki_blog_activity,NULL,NULL,blogId
NULL,<blank>,NULL,<blank>,PRIMARY,BTREE,0,A,tikiwiki,2,tikiwiki,tiki_blog_activity,NULL,0,day
NULL,<blank>,NULL,<blank>,PRIMARY,BTREE,0,A,tikiwiki,1,tikiwiki,tiki_blog_posts,NULL,0,postId
NULL,YES,255,<blank>,data,BTREE,1,A,tikiwiki,1,tikiwiki,tiki_blog_posts,NULL,NULL,data
NULL,<blank>,NULL,<blank>,blogId,BTREE,1,A,tikiwiki,1,tikiwiki,tiki_blog_posts,NULL,NULL,blogId
NULL,YES,NULL,<blank>,created,BTREE,1,A,tikiwiki,1,tikiwiki,tiki_blog_posts,NULL,NULL,created
NULL,YES,NULL,<blank>,ft,FULLTEXT,1,NULL,tikiwiki,1,tikiwiki,tiki_blog_posts,NULL,NULL,data
NULL,YES,NULL,<blank>,ft,FULLTEXT,1,NULL,tikiwiki,2,tikiwiki,tiki_blog_posts,NULL,NULL,title
NULL,<blank>,NULL,<blank>,PRIMARY,BTREE,0,A,tikiwiki,1,tikiwiki,tiki_blog_posts_images,NULL,0,imgId
NULL,<blank>,NULL,<blank>,PRIMARY,BTREE,0,A,tikiwiki,1,tikiwiki,tiki_blogs,NULL,0,blogId
NULL,YES,NULL,<blank>,title,BTREE,1,A,tikiwiki,1,tikiwiki,tiki_blogs,NULL,NULL,title
NULL,YES,255,<blank>,description,BTREE,1,A,tikiwiki,1,tikiwiki,tiki_blogs,NULL,NULL,description
NULL,YES,NULL,<blank>,hits,BTREE,1,A,tikiwiki,1,tikiwiki,tiki_blogs,NULL,NULL,hits
NULL,YES,NULL,<blank>,ft,FULLTEXT,1,NULL,tikiwiki,1,tikiwiki,tiki_blogs,NULL,NULL,title
NULL,YES,NULL,<blank>,ft,FULLTEXT,1,NULL,tikiwiki,2,tikiwiki,tiki_blogs,NULL,NULL,description
NULL,<blank>,NULL,<blank>,PRIMARY,BTREE,0,A,tikiwiki,1,tikiwiki,tiki_calendar_categories,NULL,0,calcatId
NULL,<blank>,NULL,<blank>,catname,BTREE,0,A,tikiwiki,1,tikiwiki,tiki_calendar_categories,NULL,NULL,calendarId
NULL,<blank>,16,<blank>,catname,BTREE,0,A,tikiwiki,2,tikiwiki,tiki_calendar_categories,NULL,0,name
NULL,<blank>,NULL,<blank>,PRIMARY,BTREE,0,A,tikiwiki,1,tikiwiki,tiki_calendar_items,NULL,0,calitemId
NULL,<blank>,NULL,<blank>,calendarId,BTREE,1,A,tikiwiki,1,tikiwiki,tiki_calendar_items,NULL,NULL,calendarId
NULL,<blank>,NULL,<blank>,PRIMARY,BTREE,0,A,tikiwiki,1,tikiwiki,tiki_calendar_locations,NULL,0,callocId
NULL,<blank>,NULL,<blank>,locname,BTREE,0,A,tikiwiki,1,tikiwiki,tiki_calendar_locations,NULL,NULL,calendarId
NULL,<blank>,16,<blank>,locname,BTREE,0,A,tikiwiki,2,tikiwiki,tiki_calendar_locations,NULL,0,name
NULL,<blank>,NULL,<blank>,PRIMARY,BTREE,0,A,tikiwiki,1,tikiwiki,tiki_calendar_roles,NULL,NULL,calitemId
NULL,<blank>,16,<blank>,PRIMARY,BTREE,0,A,tikiwiki,2,tikiwiki,tiki_calendar_roles,NULL,NULL,username
NULL,<blank>,NULL,<blank>,PRIMARY,BTREE,0,A,tikiwiki,3,tikiwiki,tiki_calendar_roles,NULL,0,role
NULL,<blank>,NULL,<blank>,PRIMARY,BTREE,0,A,tikiwiki,1,tikiwiki,tiki_calendars,NULL,0,calendarId
NULL,<blank>,NULL,<blank>,PRIMARY,BTREE,0,A,tikiwiki,1,tikiwiki,tiki_categories,NULL,0,categId
NULL,<blank>,NULL,<blank>,PRIMARY,BTREE,0,A,tikiwiki,1,tikiwiki,tiki_categorized_objects,NULL,0,catObjectId
NULL,YES,NULL,<blank>,type,BTREE,1,A,tikiwiki,1,tikiwiki,tiki_categorized_objects,NULL,NULL,type
NULL,YES,NULL,<blank>,type,BTREE,1,A,tikiwiki,2,tikiwiki,tiki_categorized_objects,NULL,NULL,objId
NULL,<blank>,NULL,<blank>,PRIMARY,BTREE,0,A,tikiwiki,1,tikiwiki,tiki_category_objects,NULL,NULL,catObjectId
NULL,<blank>,NULL,<blank>,PRIMARY,BTREE,0,A,tikiwiki,2,tikiwiki,tiki_category_objects,NULL,0,categId
NULL,<blank>,NULL,<blank>,PRIMARY,BTREE,0,A,tikiwiki,1,tikiwiki,tiki_category_sites,NULL,NULL,categId
NULL,<blank>,NULL,<blank>,PRIMARY,BTREE,0,A,tikiwiki,2,tikiwiki,tiki_category_sites,NULL,0,siteId
NULL,<blank>,NULL,<blank>,PRIMARY,BTREE,0,A,tikiwiki,1,tikiwiki,tiki_chart_items,NULL,0,itemId
NULL,<blank>,NULL,<blank>,PRIMARY,BTREE,0,A,tikiwiki,1,tikiwiki,tiki_charts,NULL,0,chartId
NULL,<blank>,NULL,<blank>,PRIMARY,BTREE,0,A,tikiwiki,1,tikiwiki,tiki_charts_rankings,NULL,NULL,chartId
NULL,<blank>,NULL,<blank>,PRIMARY,BTREE,0,A,tikiwiki,2,tikiwiki,tiki_charts_rankings,NULL,NULL,itemId
NULL,<blank>,NULL,<blank>,PRIMARY,BTREE,0,A,tikiwiki,3,tikiwiki,tiki_charts_rankings,NULL,0,period
NULL,<blank>,NULL,<blank>,PRIMARY,BTREE,0,A,tikiwiki,1,tikiwiki,tiki_charts_votes,NULL,NULL,user
NULL,<blank>,NULL,<blank>,PRIMARY,BTREE,0,A,tikiwiki,2,tikiwiki,tiki_charts_votes,NULL,0,itemId
NULL,<blank>,NULL,<blank>,PRIMARY,BTREE,0,A,tikiwiki,1,tikiwiki,tiki_chat_channels,NULL,0,channelId
NULL,<blank>,NULL,<blank>,PRIMARY,BTREE,0,A,tikiwiki,1,tikiwiki,tiki_chat_messages,NULL,0,messageId
NULL,<blank>,NULL,<blank>,PRIMARY,BTREE,0,A,tikiwiki,1,tikiwiki,tiki_chat_users,NULL,NULL,nickname
NULL,<blank>,NULL,<blank>,PRIMARY,BTREE,0,A,tikiwiki,2,tikiwiki,tiki_chat_users,NULL,0,channelId
NULL,<blank>,NULL,<blank>,PRIMARY,BTREE,0,A,tikiwiki,1,tikiwiki,tiki_comments,NULL,0,threadId
NULL,YES,NULL,<blank>,title,BTREE,1,A,tikiwiki,1,tikiwiki,tiki_comments,NULL,NULL,title
NULL,YES,255,<blank>,data,BTREE,1,A,tikiwiki,1,tikiwiki,tiki_comments,NULL,NULL,data
NULL,YES,NULL,<blank>,hits,BTREE,1,A,tikiwiki,1,tikiwiki,tiki_comments,NULL,NULL,hits
NULL,YES,NULL,<blank>,tc_pi,BTREE,1,A,tikiwiki,1,tikiwiki,tiki_comments,NULL,NULL,parentId
NULL,<blank>,NULL,<blank>,objectType,BTREE,1,A,tikiwiki,1,tikiwiki,tiki_comments,NULL,NULL,object
NULL,<blank>,NULL,<blank>,objectType,BTREE,1,A,tikiwiki,2,tikiwiki,tiki_comments,NULL,NULL,objectType
NULL,YES,NULL,<blank>,commentDate,BTREE,1,A,tikiwiki,1,tikiwiki,tiki_comments,NULL,NULL,commentDate
NULL,YES,NULL,<blank>,ft,FULLTEXT,1,NULL,tikiwiki,1,tikiwiki,tiki_comments,NULL,NULL,title
NULL,YES,NULL,<blank>,ft,FULLTEXT,1,NULL,tikiwiki,2,tikiwiki,tiki_comments,NULL,NULL,data
NULL,<blank>,NULL,<blank>,PRIMARY,BTREE,0,A,tikiwiki,1,tikiwiki,tiki_content,NULL,0,contentId
NULL,<blank>,NULL,<blank>,PRIMARY,BTREE,0,A,tikiwiki,1,tikiwiki,tiki_content_templates,NULL,0,templateId
NULL,<blank>,NULL,<blank>,PRIMARY,BTREE,0,A,tikiwiki,1,tikiwiki,tiki_content_templates_sections,NULL,NULL,templateId
NULL,<blank>,NULL,<blank>,PRIMARY,BTREE,0,A,tikiwiki,2,tikiwiki,tiki_content_templates_sections,NULL,0,section
NULL,<blank>,NULL,<blank>,PRIMARY,BTREE,0,A,tikiwiki,1,tikiwiki,tiki_cookies,NULL,0,cookieId
NULL,<blank>,NULL,<blank>,PRIMARY,BTREE,0,A,tikiwiki,1,tikiwiki,tiki_copyrights,NULL,0,copyrightId
NULL,<blank>,NULL,<blank>,PRIMARY,BTREE,0,A,tikiwiki,1,tikiwiki,tiki_directory_categories,NULL,0,categId
NULL,<blank>,NULL,<blank>,PRIMARY,BTREE,0,A,tikiwiki,1,tikiwiki,tiki_directory_search,NULL,0,term
NULL,<blank>,NULL,<blank>,PRIMARY,BTREE,0,A,tikiwiki,1,tikiwiki,tiki_directory_sites,NULL,0,siteId
NULL,YES,NULL,<blank>,ft,FULLTEXT,1,NULL,tikiwiki,1,tikiwiki,tiki_directory_sites,NULL,NULL,name
NULL,YES,NULL,<blank>,ft,FULLTEXT,1,NULL,tikiwiki,2,tikiwiki,tiki_directory_sites,NULL,NULL,description
NULL,<blank>,NULL,<blank>,PRIMARY,BTREE,0,A,tikiwiki,1,tikiwiki,tiki_download,NULL,0,id
NULL,<blank>,NULL,<blank>,object,BTREE,1,A,tikiwiki,1,tikiwiki,tiki_download,NULL,NULL,object
NULL,<blank>,NULL,<blank>,object,BTREE,1,A,tikiwiki,2,tikiwiki,tiki_download,NULL,NULL,userId
NULL,<blank>,NULL,<blank>,object,BTREE,1,A,tikiwiki,3,tikiwiki,tiki_download,NULL,NULL,type
NULL,<blank>,NULL,<blank>,userId,BTREE,1,A,tikiwiki,1,tikiwiki,tiki_download,NULL,NULL,userId
NULL,<blank>,NULL,<blank>,type,BTREE,1,A,tikiwiki,1,tikiwiki,tiki_download,NULL,NULL,type
NULL,<blank>,NULL,<blank>,date,BTREE,1,A,tikiwiki,1,tikiwiki,tiki_download,NULL,NULL,date
NULL,<blank>,NULL,<blank>,PRIMARY,BTREE,0,A,tikiwiki,1,tikiwiki,tiki_drawings,NULL,0,drawId
NULL,<blank>,NULL,<blank>,PRIMARY,BTREE,0,A,tikiwiki,1,tikiwiki,tiki_dsn,NULL,0,dsnId
NULL,<blank>,NULL,<blank>,PRIMARY,BTREE,0,A,tikiwiki,1,tikiwiki,tiki_dynamic_variables,NULL,0,name
NULL,<blank>,NULL,<blank>,PRIMARY,BTREE,0,A,tikiwiki,1,tikiwiki,tiki_eph,NULL,0,ephId
NULL,<blank>,NULL,<blank>,PRIMARY,BTREE,0,A,tikiwiki,1,tikiwiki,tiki_extwiki,NULL,0,extwikiId
NULL,<blank>,NULL,<blank>,PRIMARY,BTREE,0,A,tikiwiki,1,tikiwiki,tiki_faq_questions,NULL,0,questionId
NULL,YES,NULL,<blank>,faqId,BTREE,1,A,tikiwiki,1,tikiwiki,tiki_faq_questions,NULL,NULL,faqId
NULL,YES,255,<blank>,question,BTREE,1,A,tikiwiki,1,tikiwiki,tiki_faq_questions,NULL,NULL,question
NULL,YES,255,<blank>,answer,BTREE,1,A,tikiwiki,1,tikiwiki,tiki_faq_questions,NULL,NULL,answer
NULL,YES,NULL,<blank>,ft,FULLTEXT,1,NULL,tikiwiki,1,tikiwiki,tiki_faq_questions,NULL,NULL,question
NULL,YES,NULL,<blank>,ft,FULLTEXT,1,NULL,tikiwiki,2,tikiwiki,tiki_faq_questions,NULL,NULL,answer
NULL,<blank>,NULL,<blank>,PRIMARY,BTREE,0,A,tikiwiki,1,tikiwiki,tiki_faqs,NULL,0,faqId
NULL,YES,NULL,<blank>,title,BTREE,1,A,tikiwiki,1,tikiwiki,tiki_faqs,NULL,NULL,title
NULL,YES,255,<blank>,description,BTREE,1,A,tikiwiki,1,tikiwiki,tiki_faqs,NULL,NULL,description
NULL,YES,NULL,<blank>,hits,BTREE,1,A,tikiwiki,1,tikiwiki,tiki_faqs,NULL,NULL,hits
NULL,YES,NULL,<blank>,ft,FULLTEXT,1,NULL,tikiwiki,1,tikiwiki,tiki_faqs,NULL,NULL,title
NULL,YES,NULL,<blank>,ft,FULLTEXT,1,NULL,tikiwiki,2,tikiwiki,tiki_faqs,NULL,NULL,description
NULL,<blank>,NULL,<blank>,PRIMARY,BTREE,0,A,tikiwiki,1,tikiwiki,tiki_featured_links,NULL,0,url
NULL,<blank>,NULL,<blank>,PRIMARY,BTREE,0,A,tikiwiki,1,tikiwiki,tiki_file_galleries,NULL,0,galleryId
NULL,<blank>,NULL,<blank>,PRIMARY,BTREE,0,A,tikiwiki,1,tikiwiki,tiki_files,NULL,0,fileId
NULL,<blank>,NULL,<blank>,name,BTREE,1,A,tikiwiki,1,tikiwiki,tiki_files,NULL,NULL,name
NULL,YES,255,<blank>,description,BTREE,1,A,tikiwiki,1,tikiwiki,tiki_files,NULL,NULL,description
NULL,YES,NULL,<blank>,downloads,BTREE,1,A,tikiwiki,1,tikiwiki,tiki_files,NULL,NULL,downloads
NULL,<blank>,NULL,<blank>,ft,FULLTEXT,1,NULL,tikiwiki,1,tikiwiki,tiki_files,NULL,NULL,name
NULL,YES,NULL,<blank>,ft,FULLTEXT,1,NULL,tikiwiki,2,tikiwiki,tiki_files,NULL,NULL,description
NULL,YES,NULL,<blank>,ft,FULLTEXT,1,NULL,tikiwiki,3,tikiwiki,tiki_files,NULL,NULL,search_data
NULL,<blank>,NULL,<blank>,PRIMARY,BTREE,0,A,tikiwiki,1,tikiwiki,tiki_forum_attachments,NULL,0,attId
NULL,<blank>,NULL,<blank>,threadId,BTREE,1,A,tikiwiki,1,tikiwiki,tiki_forum_attachments,NULL,NULL,threadId
NULL,<blank>,NULL,<blank>,PRIMARY,BTREE,0,A,tikiwiki,1,tikiwiki,tiki_forum_reads,NULL,NULL,user
NULL,<blank>,NULL,<blank>,PRIMARY,BTREE,0,A,tikiwiki,2,tikiwiki,tiki_forum_reads,NULL,0,threadId
NULL,<blank>,NULL,<blank>,PRIMARY,BTREE,0,A,tikiwiki,1,tikiwiki,tiki_forums,NULL,0,forumId
NULL,<blank>,NULL,<blank>,PRIMARY,BTREE,0,A,tikiwiki,1,tikiwiki,tiki_forums_queue,NULL,0,qId
NULL,<blank>,NULL,<blank>,PRIMARY,BTREE,0,A,tikiwiki,1,tikiwiki,tiki_forums_reported,NULL,0,threadId
NULL,<blank>,NULL,<blank>,PRIMARY,BTREE,0,A,tikiwiki,1,tikiwiki,tiki_friends,NULL,NULL,user
NULL,<blank>,NULL,<blank>,PRIMARY,BTREE,0,A,tikiwiki,2,tikiwiki,tiki_friends,NULL,0,friend
NULL,<blank>,NULL,<blank>,PRIMARY,BTREE,0,A,tikiwiki,1,tikiwiki,tiki_friendship_requests,NULL,NULL,userFrom
NULL,<blank>,NULL,<blank>,PRIMARY,BTREE,0,A,tikiwiki,2,tikiwiki,tiki_friendship_requests,NULL,0,userTo
NULL,<blank>,NULL,<blank>,PRIMARY,BTREE,0,A,tikiwiki,1,tikiwiki,tiki_galleries,NULL,0,galleryId
NULL,<blank>,NULL,<blank>,name,BTREE,1,A,tikiwiki,1,tikiwiki,tiki_galleries,NULL,NULL,name
NULL,YES,255,<blank>,description,BTREE,1,A,tikiwiki,1,tikiwiki,tiki_galleries,NULL,NULL,description
NULL,YES,NULL,<blank>,hits,BTREE,1,A,tikiwiki,1,tikiwiki,tiki_galleries,NULL,NULL,hits
NULL,<blank>,NULL,<blank>,parentgallery,BTREE,1,A,tikiwiki,1,tikiwiki,tiki_galleries,NULL,NULL,parentgallery
NULL,YES,NULL,<blank>,visibleUser,BTREE,1,A,tikiwiki,1,tikiwiki,tiki_galleries,NULL,NULL,visible
NULL,YES,NULL,<blank>,visibleUser,BTREE,1,A,tikiwiki,2,tikiwiki,tiki_galleries,NULL,NULL,user
NULL,<blank>,NULL,<blank>,ft,FULLTEXT,1,NULL,tikiwiki,1,tikiwiki,tiki_galleries,NULL,NULL,name
NULL,YES,NULL,<blank>,ft,FULLTEXT,1,NULL,tikiwiki,2,tikiwiki,tiki_galleries,NULL,NULL,description
NULL,<blank>,NULL,<blank>,PRIMARY,BTREE,0,A,tikiwiki,1,tikiwiki,tiki_galleries_scales,NULL,NULL,galleryId
NULL,<blank>,NULL,<blank>,PRIMARY,BTREE,0,A,tikiwiki,2,tikiwiki,tiki_galleries_scales,NULL,0,scale
NULL,<blank>,NULL,<blank>,PRIMARY,BTREE,0,A,tikiwiki,1,tikiwiki,tiki_games,NULL,0,gameName
NULL,<blank>,30,<blank>,PRIMARY,BTREE,0,A,tikiwiki,1,tikiwiki,tiki_group_inclusion,NULL,NULL,groupName
NULL,<blank>,30,<blank>,PRIMARY,BTREE,0,A,tikiwiki,2,tikiwiki,tiki_group_inclusion,NULL,0,includeGroup
NULL,<blank>,NULL,<blank>,PRIMARY,BTREE,0,A,tikiwiki,1,tikiwiki,tiki_history,NULL,NULL,pageName
NULL,<blank>,NULL,<blank>,PRIMARY,BTREE,0,A,tikiwiki,2,tikiwiki,tiki_history,NULL,0,version
NULL,<blank>,NULL,<blank>,PRIMARY,BTREE,0,A,tikiwiki,1,tikiwiki,tiki_hotwords,NULL,0,word
NULL,<blank>,NULL,<blank>,PRIMARY,BTREE,0,A,tikiwiki,1,tikiwiki,tiki_html_pages,NULL,0,pageName
NULL,<blank>,NULL,<blank>,PRIMARY,BTREE,0,A,tikiwiki,1,tikiwiki,tiki_html_pages_dynamic_zones,NULL,NULL,pageName
NULL,<blank>,NULL,<blank>,PRIMARY,BTREE,0,A,tikiwiki,2,tikiwiki,tiki_html_pages_dynamic_zones,NULL,0,zone
NULL,<blank>,NULL,<blank>,PRIMARY,BTREE,0,A,tikiwiki,1,tikiwiki,tiki_images,NULL,0,imageId
NULL,<blank>,NULL,<blank>,name,BTREE,1,A,tikiwiki,1,tikiwiki,tiki_images,NULL,NULL,name
NULL,YES,255,<blank>,description,BTREE,1,A,tikiwiki,1,tikiwiki,tiki_images,NULL,NULL,description
NULL,YES,NULL,<blank>,hits,BTREE,1,A,tikiwiki,1,tikiwiki,tiki_images,NULL,NULL,hits
NULL,<blank>,NULL,<blank>,ti_gId,BTREE,1,A,tikiwiki,1,tikiwiki,tiki_images,NULL,NULL,galleryId
NULL,YES,NULL,<blank>,ti_cr,BTREE,1,A,tikiwiki,1,tikiwiki,tiki_images,NULL,NULL,created
NULL,YES,NULL,<blank>,ti_us,BTREE,1,A,tikiwiki,1,tikiwiki,tiki_images,NULL,NULL,user
NULL,<blank>,NULL,<blank>,ft,FULLTEXT,1,NULL,tikiwiki,1,tikiwiki,tiki_images,NULL,NULL,name
NULL,YES,NULL,<blank>,ft,FULLTEXT,1,NULL,tikiwiki,2,tikiwiki,tiki_images,NULL,NULL,description
NULL,<blank>,NULL,<blank>,PRIMARY,BTREE,0,A,tikiwiki,1,tikiwiki,tiki_images_data,NULL,NULL,imageId
NULL,<blank>,NULL,<blank>,PRIMARY,BTREE,0,A,tikiwiki,2,tikiwiki,tiki_images_data,NULL,NULL,xsize
NULL,<blank>,NULL,<blank>,PRIMARY,BTREE,0,A,tikiwiki,3,tikiwiki,tiki_images_data,NULL,NULL,ysize
NULL,<blank>,NULL,<blank>,PRIMARY,BTREE,0,A,tikiwiki,4,tikiwiki,tiki_images_data,NULL,0,type
NULL,<blank>,NULL,<blank>,t_i_d_it,BTREE,1,A,tikiwiki,1,tikiwiki,tiki_images_data,NULL,NULL,imageId
NULL,<blank>,NULL,<blank>,t_i_d_it,BTREE,1,A,tikiwiki,2,tikiwiki,tiki_images_data,NULL,NULL,type
NULL,<blank>,NULL,<blank>,PRIMARY,BTREE,0,A,tikiwiki,1,tikiwiki,tiki_integrator_reps,NULL,1,repID
NULL,<blank>,NULL,<blank>,PRIMARY,BTREE,0,A,tikiwiki,1,tikiwiki,tiki_integrator_rules,NULL,3,ruleID
NULL,<blank>,NULL,<blank>,repID,BTREE,1,A,tikiwiki,1,tikiwiki,tiki_integrator_rules,NULL,NULL,repID
NULL,<blank>,255,<blank>,PRIMARY,BTREE,0,A,tikiwiki,1,tikiwiki,tiki_language,NULL,NULL,source
NULL,<blank>,NULL,<blank>,PRIMARY,BTREE,0,A,tikiwiki,2,tikiwiki,tiki_language,NULL,0,lang
NULL,<blank>,NULL,<blank>,PRIMARY,BTREE,0,A,tikiwiki,1,tikiwiki,tiki_languages,NULL,1,lang
NULL,<blank>,NULL,<blank>,PRIMARY,BTREE,0,A,tikiwiki,1,tikiwiki,tiki_link_cache,NULL,0,cacheId
NULL,YES,NULL,<blank>,urlindex,BTREE,1,A,tikiwiki,1,tikiwiki,tiki_link_cache,NULL,NULL,url
NULL,<blank>,NULL,<blank>,PRIMARY,BTREE,0,A,tikiwiki,1,tikiwiki,tiki_links,NULL,NULL,fromPage
NULL,<blank>,NULL,<blank>,PRIMARY,BTREE,0,A,tikiwiki,2,tikiwiki,tiki_links,NULL,0,toPage
NULL,<blank>,NULL,<blank>,toPage,BTREE,1,A,tikiwiki,1,tikiwiki,tiki_links,NULL,NULL,toPage
NULL,<blank>,NULL,<blank>,PRIMARY,BTREE,0,A,tikiwiki,1,tikiwiki,tiki_live_support_events,NULL,0,eventId
NULL,<blank>,NULL,<blank>,PRIMARY,BTREE,0,A,tikiwiki,1,tikiwiki,tiki_live_support_message_comments,NULL,0,cId
NULL,<blank>,NULL,<blank>,PRIMARY,BTREE,0,A,tikiwiki,1,tikiwiki,tiki_live_support_messages,NULL,0,msgId
NULL,<blank>,NULL,<blank>,PRIMARY,BTREE,0,A,tikiwiki,1,tikiwiki,tiki_live_support_modules,NULL,7,modId
NULL,<blank>,NULL,<blank>,PRIMARY,BTREE,0,A,tikiwiki,1,tikiwiki,tiki_live_support_operators,NULL,0,user
NULL,<blank>,NULL,<blank>,PRIMARY,BTREE,0,A,tikiwiki,1,tikiwiki,tiki_live_support_requests,NULL,0,reqId
NULL,<blank>,NULL,<blank>,PRIMARY,BTREE,0,A,tikiwiki,1,tikiwiki,tiki_logs,NULL,0,logId
NULL,<blank>,NULL,<blank>,logtype,BTREE,1,A,tikiwiki,1,tikiwiki,tiki_logs,NULL,NULL,logtype
NULL,<blank>,NULL,<blank>,PRIMARY,BTREE,0,A,tikiwiki,1,tikiwiki,tiki_mailin_accounts,NULL,0,accountId
NULL,<blank>,NULL,<blank>,PRIMARY,BTREE,0,A,tikiwiki,1,tikiwiki,tiki_menu_languages,NULL,NULL,menuId
NULL,<blank>,NULL,<blank>,PRIMARY,BTREE,0,A,tikiwiki,2,tikiwiki,tiki_menu_languages,NULL,0,language
NULL,<blank>,NULL,<blank>,PRIMARY,BTREE,0,A,tikiwiki,1,tikiwiki,tiki_menu_options,NULL,164,optionId
NULL,<blank>,NULL,<blank>,PRIMARY,BTREE,0,A,tikiwiki,1,tikiwiki,tiki_menus,NULL,1,menuId
NULL,<blank>,NULL,<blank>,PRIMARY,BTREE,0,A,tikiwiki,1,tikiwiki,tiki_minical_events,NULL,0,eventId
NULL,<blank>,NULL,<blank>,PRIMARY,BTREE,0,A,tikiwiki,1,tikiwiki,tiki_minical_topics,NULL,0,topicId
NULL,<blank>,NULL,<blank>,PRIMARY,BTREE,0,A,tikiwiki,1,tikiwiki,tiki_modules,NULL,5,name
NULL,YES,NULL,<blank>,positionType,BTREE,1,A,tikiwiki,1,tikiwiki,tiki_modules,NULL,NULL,position
NULL,YES,NULL,<blank>,positionType,BTREE,1,A,tikiwiki,2,tikiwiki,tiki_modules,NULL,NULL,type
NULL,<blank>,NULL,<blank>,PRIMARY,BTREE,0,A,tikiwiki,1,tikiwiki,tiki_newsletter_groups,NULL,NULL,nlId
NULL,<blank>,NULL,<blank>,PRIMARY,BTREE,0,A,tikiwiki,2,tikiwiki,tiki_newsletter_groups,NULL,0,groupName
NULL,<blank>,NULL,<blank>,PRIMARY,BTREE,0,A,tikiwiki,1,tikiwiki,tiki_newsletter_subscriptions,NULL,NULL,nlId
NULL,<blank>,NULL,<blank>,PRIMARY,BTREE,0,A,tikiwiki,2,tikiwiki,tiki_newsletter_subscriptions,NULL,NULL,email
NULL,<blank>,NULL,<blank>,PRIMARY,BTREE,0,A,tikiwiki,3,tikiwiki,tiki_newsletter_subscriptions,NULL,0,isUser
NULL,<blank>,NULL,<blank>,PRIMARY,BTREE,0,A,tikiwiki,1,tikiwiki,tiki_newsletters,NULL,0,nlId
NULL,<blank>,NULL,<blank>,PRIMARY,BTREE,0,A,tikiwiki,1,tikiwiki,tiki_newsreader_marks,NULL,NULL,user
NULL,<blank>,NULL,<blank>,PRIMARY,BTREE,0,A,tikiwiki,2,tikiwiki,tiki_newsreader_marks,NULL,NULL,serverId
NULL,<blank>,100,<blank>,PRIMARY,BTREE,0,A,tikiwiki,3,tikiwiki,tiki_newsreader_marks,NULL,0,groupName
NULL,<blank>,NULL,<blank>,PRIMARY,BTREE,0,A,tikiwiki,1,tikiwiki,tiki_newsreader_servers,NULL,0,serverId
NULL,<blank>,NULL,<blank>,PRIMARY,BTREE,0,A,tikiwiki,1,tikiwiki,tiki_object_ratings,NULL,NULL,catObjectId
NULL,<blank>,NULL,<blank>,PRIMARY,BTREE,0,A,tikiwiki,2,tikiwiki,tiki_object_ratings,NULL,0,pollId
NULL,<blank>,NULL,<blank>,PRIMARY,BTREE,0,A,tikiwiki,1,tikiwiki,tiki_page_footnotes,NULL,NULL,user
NULL,<blank>,100,<blank>,PRIMARY,BTREE,0,A,tikiwiki,2,tikiwiki,tiki_page_footnotes,NULL,0,pageName
NULL,<blank>,NULL,<blank>,PRIMARY,BTREE,0,A,tikiwiki,1,tikiwiki,tiki_pages,NULL,1,page_id
NULL,<blank>,NULL,<blank>,pageName,BTREE,0,A,tikiwiki,1,tikiwiki,tiki_pages,NULL,1,pageName
NULL,YES,255,<blank>,data,BTREE,1,A,tikiwiki,1,tikiwiki,tiki_pages,NULL,1,data
NULL,YES,NULL,<blank>,pageRank,BTREE,1,A,tikiwiki,1,tikiwiki,tiki_pages,NULL,1,pageRank
NULL,<blank>,NULL,<blank>,ft,FULLTEXT,1,NULL,tikiwiki,1,tikiwiki,tiki_pages,NULL,1,pageName
NULL,YES,NULL,<blank>,ft,FULLTEXT,1,NULL,tikiwiki,2,tikiwiki,tiki_pages,NULL,1,description
NULL,YES,NULL,<blank>,ft,FULLTEXT,1,NULL,tikiwiki,3,tikiwiki,tiki_pages,NULL,1,data
NULL,<blank>,NULL,<blank>,PRIMARY,BTREE,0,A,tikiwiki,1,tikiwiki,tiki_pageviews,NULL,0,day
NULL,<blank>,NULL,<blank>,PRIMARY,BTREE,0,A,tikiwiki,1,tikiwiki,tiki_poll_objects,NULL,NULL,catObjectId
NULL,<blank>,NULL,<blank>,PRIMARY,BTREE,0,A,tikiwiki,2,tikiwiki,tiki_poll_objects,NULL,0,pollId
NULL,<blank>,NULL,<blank>,PRIMARY,BTREE,0,A,tikiwiki,1,tikiwiki,tiki_poll_options,NULL,0,optionId
NULL,<blank>,NULL,<blank>,PRIMARY,BTREE,0,A,tikiwiki,1,tikiwiki,tiki_polls,NULL,0,pollId
NULL,<blank>,NULL,<blank>,PRIMARY,BTREE,0,A,tikiwiki,1,tikiwiki,tiki_preferences,NULL,404,name
NULL,<blank>,NULL,<blank>,PRIMARY,BTREE,0,A,tikiwiki,1,tikiwiki,tiki_private_messages,NULL,0,messageId
NULL,<blank>,NULL,<blank>,PRIMARY,BTREE,0,A,tikiwiki,1,tikiwiki,tiki_programmed_content,NULL,0,pId
NULL,<blank>,NULL,<blank>,PRIMARY,BTREE,0,A,tikiwiki,1,tikiwiki,tiki_quicktags,NULL,34,tagId
NULL,YES,NULL,<blank>,tagcategory,BTREE,1,A,tikiwiki,1,tikiwiki,tiki_quicktags,NULL,NULL,tagcategory
NULL,YES,NULL,<blank>,taglabel,BTREE,1,A,tikiwiki,1,tikiwiki,tiki_quicktags,NULL,NULL,taglabel
NULL,<blank>,NULL,<blank>,PRIMARY,BTREE,0,A,tikiwiki,1,tikiwiki,tiki_quiz_question_options,NULL,0,optionId
NULL,<blank>,NULL,<blank>,PRIMARY,BTREE,0,A,tikiwiki,1,tikiwiki,tiki_quiz_questions,NULL,0,questionId
NULL,<blank>,NULL,<blank>,PRIMARY,BTREE,0,A,tikiwiki,1,tikiwiki,tiki_quiz_results,NULL,0,resultId
NULL,<blank>,NULL,<blank>,PRIMARY,BTREE,0,A,tikiwiki,1,tikiwiki,tiki_quiz_stats,NULL,NULL,quizId
NULL,<blank>,NULL,<blank>,PRIMARY,BTREE,0,A,tikiwiki,2,tikiwiki,tiki_quiz_stats,NULL,NULL,questionId
NULL,<blank>,NULL,<blank>,PRIMARY,BTREE,0,A,tikiwiki,3,tikiwiki,tiki_quiz_stats,NULL,0,optionId
NULL,<blank>,NULL,<blank>,PRIMARY,BTREE,0,A,tikiwiki,1,tikiwiki,tiki_quiz_stats_sum,NULL,0,quizId
NULL,<blank>,NULL,<blank>,PRIMARY,BTREE,0,A,tikiwiki,1,tikiwiki,tiki_quizzes,NULL,NULL,quizId
NULL,<blank>,NULL,<blank>,PRIMARY,BTREE,0,A,tikiwiki,2,tikiwiki,tiki_quizzes,NULL,0,nVersion
NULL,<blank>,NULL,<blank>,PRIMARY,BTREE,0,A,tikiwiki,1,tikiwiki,tiki_received_articles,NULL,0,receivedArticleId
NULL,<blank>,NULL,<blank>,PRIMARY,BTREE,0,A,tikiwiki,1,tikiwiki,tiki_received_pages,NULL,0,receivedPageId
NULL,<blank>,NULL,<blank>,PRIMARY,BTREE,0,A,tikiwiki,1,tikiwiki,tiki_referer_stats,NULL,0,referer
NULL,<blank>,NULL,<blank>,PRIMARY,BTREE,0,A,tikiwiki,1,tikiwiki,tiki_related_categories,NULL,NULL,categId
NULL,<blank>,NULL,<blank>,PRIMARY,BTREE,0,A,tikiwiki,2,tikiwiki,tiki_related_categories,NULL,0,relatedTo
NULL,<blank>,NULL,<blank>,PRIMARY,BTREE,0,A,tikiwiki,1,tikiwiki,tiki_rss_feeds,NULL,NULL,name
NULL,<blank>,NULL,<blank>,PRIMARY,BTREE,0,A,tikiwiki,2,tikiwiki,tiki_rss_feeds,NULL,0,rssVer
NULL,<blank>,NULL,<blank>,PRIMARY,BTREE,0,A,tikiwiki,1,tikiwiki,tiki_rss_modules,NULL,0,rssId
NULL,<blank>,NULL,<blank>,PRIMARY,BTREE,0,A,tikiwiki,1,tikiwiki,tiki_score,NULL,30,event
NULL,<blank>,NULL,<blank>,PRIMARY,BTREE,0,A,tikiwiki,1,tikiwiki,tiki_search_stats,NULL,0,term
NULL,<blank>,NULL,<blank>,PRIMARY,BTREE,0,A,tikiwiki,1,tikiwiki,tiki_searchindex,NULL,NULL,searchword
NULL,<blank>,NULL,<blank>,PRIMARY,BTREE,0,A,tikiwiki,2,tikiwiki,tiki_searchindex,NULL,NULL,location
NULL,<blank>,80,<blank>,PRIMARY,BTREE,0,A,tikiwiki,3,tikiwiki,tiki_searchindex,NULL,1,page
NULL,<blank>,NULL,<blank>,last_update,BTREE,1,A,tikiwiki,1,tikiwiki,tiki_searchindex,NULL,NULL,last_update
NULL,<blank>,NULL,<blank>,PRIMARY,BTREE,0,A,tikiwiki,1,tikiwiki,tiki_searchsyllable,NULL,0,syllable
NULL,<blank>,NULL,<blank>,lastUsed,BTREE,1,A,tikiwiki,1,tikiwiki,tiki_searchsyllable,NULL,NULL,lastUsed
NULL,<blank>,NULL,<blank>,PRIMARY,BTREE,0,A,tikiwiki,1,tikiwiki,tiki_searchwords,NULL,NULL,syllable
NULL,<blank>,NULL,<blank>,PRIMARY,BTREE,0,A,tikiwiki,2,tikiwiki,tiki_searchwords,NULL,0,searchword
NULL,<blank>,NULL,<blank>,PRIMARY,BTREE,0,A,tikiwiki,1,tikiwiki,tiki_secdb,NULL,NULL,md5_value
NULL,<blank>,100,<blank>,PRIMARY,BTREE,0,A,tikiwiki,2,tikiwiki,tiki_secdb,NULL,NULL,filename
NULL,<blank>,NULL,<blank>,PRIMARY,BTREE,0,A,tikiwiki,3,tikiwiki,tiki_secdb,NULL,0,tiki_version
NULL,<blank>,NULL,<blank>,sdb_fn,BTREE,1,A,tikiwiki,1,tikiwiki,tiki_secdb,NULL,NULL,filename
NULL,<blank>,NULL,<blank>,PRIMARY,BTREE,0,A,tikiwiki,1,tikiwiki,tiki_semaphores,NULL,0,semName
NULL,<blank>,NULL,<blank>,PRIMARY,BTREE,0,A,tikiwiki,1,tikiwiki,tiki_sent_newsletters,NULL,0,editionId
NULL,<blank>,NULL,<blank>,PRIMARY,BTREE,0,A,tikiwiki,1,tikiwiki,tiki_sessions,NULL,0,sessionId
NULL,YES,NULL,<blank>,user,BTREE,1,A,tikiwiki,1,tikiwiki,tiki_sessions,NULL,0,user
NULL,YES,NULL,<blank>,timestamp,BTREE,1,A,tikiwiki,1,tikiwiki,tiki_sessions,NULL,0,timestamp
NULL,<blank>,NULL,<blank>,sheetId,BTREE,0,A,tikiwiki,1,tikiwiki,tiki_sheet_layout,NULL,NULL,sheetId
NULL,<blank>,NULL,<blank>,sheetId,BTREE,0,A,tikiwiki,2,tikiwiki,tiki_sheet_layout,NULL,0,begin
NULL,<blank>,NULL,<blank>,sheetId,BTREE,0,A,tikiwiki,1,tikiwiki,tiki_sheet_values,NULL,NULL,sheetId
NULL,<blank>,NULL,<blank>,sheetId,BTREE,0,A,tikiwiki,2,tikiwiki,tiki_sheet_values,NULL,NULL,begin
NULL,<blank>,NULL,<blank>,sheetId,BTREE,0,A,tikiwiki,3,tikiwiki,tiki_sheet_values,NULL,NULL,rowIndex
NULL,<blank>,NULL,<blank>,sheetId,BTREE,0,A,tikiwiki,4,tikiwiki,tiki_sheet_values,NULL,0,columnIndex
NULL,<blank>,NULL,<blank>,sheetId_2,BTREE,1,A,tikiwiki,1,tikiwiki,tiki_sheet_values,NULL,NULL,sheetId
NULL,<blank>,NULL,<blank>,sheetId_2,BTREE,1,A,tikiwiki,2,tikiwiki,tiki_sheet_values,NULL,NULL,rowIndex
NULL,<blank>,NULL,<blank>,sheetId_2,BTREE,1,A,tikiwiki,3,tikiwiki,tiki_sheet_values,NULL,NULL,columnIndex
NULL,<blank>,NULL,<blank>,PRIMARY,BTREE,0,A,tikiwiki,1,tikiwiki,tiki_sheets,NULL,0,sheetId
NULL,<blank>,NULL,<blank>,PRIMARY,BTREE,0,A,tikiwiki,1,tikiwiki,tiki_shoutbox,NULL,0,msgId
NULL,<blank>,NULL,<blank>,PRIMARY,BTREE,0,A,tikiwiki,1,tikiwiki,tiki_shoutbox_words,NULL,0,word
NULL,<blank>,NULL,<blank>,PRIMARY,BTREE,0,A,tikiwiki,1,tikiwiki,tiki_stats,NULL,1,object
NULL,<blank>,NULL,<blank>,PRIMARY,BTREE,0,A,tikiwiki,2,tikiwiki,tiki_stats,NULL,1,type
NULL,<blank>,NULL,<blank>,PRIMARY,BTREE,0,A,tikiwiki,3,tikiwiki,tiki_stats,NULL,2,day
NULL,<blank>,NULL,<blank>,PRIMARY,BTREE,0,A,tikiwiki,1,tikiwiki,tiki_structure_versions,NULL,0,structure_id
NULL,<blank>,NULL,<blank>,PRIMARY,BTREE,0,A,tikiwiki,1,tikiwiki,tiki_structures,NULL,0,page_ref_id
NULL,<blank>,NULL,<blank>,pidpaid,BTREE,1,A,tikiwiki,1,tikiwiki,tiki_structures,NULL,NULL,page_id
NULL,YES,NULL,<blank>,pidpaid,BTREE,1,A,tikiwiki,2,tikiwiki,tiki_structures,NULL,NULL,parent_id
NULL,<blank>,NULL,<blank>,PRIMARY,BTREE,0,A,tikiwiki,1,tikiwiki,tiki_submissions,NULL,0,subId
NULL,<blank>,NULL,<blank>,PRIMARY,BTREE,0,A,tikiwiki,1,tikiwiki,tiki_suggested_faq_questions,NULL,0,sfqId
NULL,<blank>,NULL,<blank>,PRIMARY,BTREE,0,A,tikiwiki,1,tikiwiki,tiki_survey_question_options,NULL,0,optionId
NULL,<blank>,NULL,<blank>,PRIMARY,BTREE,0,A,tikiwiki,1,tikiwiki,tiki_survey_questions,NULL,0,questionId
NULL,<blank>,NULL,<blank>,PRIMARY,BTREE,0,A,tikiwiki,1,tikiwiki,tiki_surveys,NULL,0,surveyId
NULL,<blank>,NULL,<blank>,PRIMARY,BTREE,0,A,tikiwiki,1,tikiwiki,tiki_tags,NULL,NULL,tagName
NULL,<blank>,NULL,<blank>,PRIMARY,BTREE,0,A,tikiwiki,2,tikiwiki,tiki_tags,NULL,0,pageName
NULL,<blank>,NULL,<blank>,PRIMARY,BTREE,0,A,tikiwiki,1,tikiwiki,tiki_theme_control_categs,NULL,0,categId
NULL,<blank>,NULL,<blank>,PRIMARY,BTREE,0,A,tikiwiki,1,tikiwiki,tiki_theme_control_objects,NULL,0,objId
NULL,<blank>,NULL,<blank>,PRIMARY,BTREE,0,A,tikiwiki,1,tikiwiki,tiki_theme_control_sections,NULL,0,section
NULL,<blank>,NULL,<blank>,PRIMARY,BTREE,0,A,tikiwiki,1,tikiwiki,tiki_topics,NULL,0,topicId
NULL,<blank>,NULL,<blank>,PRIMARY,BTREE,0,A,tikiwiki,1,tikiwiki,tiki_tracker_fields,NULL,0,fieldId
NULL,<blank>,NULL,<blank>,PRIMARY,BTREE,0,A,tikiwiki,1,tikiwiki,tiki_tracker_item_attachments,NULL,0,attId
NULL,<blank>,NULL,<blank>,PRIMARY,BTREE,0,A,tikiwiki,1,tikiwiki,tiki_tracker_item_comments,NULL,0,commentId
NULL,<blank>,NULL,<blank>,PRIMARY,BTREE,0,A,tikiwiki,1,tikiwiki,tiki_tracker_item_fields,NULL,NULL,itemId
NULL,<blank>,NULL,<blank>,PRIMARY,BTREE,0,A,tikiwiki,2,tikiwiki,tiki_tracker_item_fields,NULL,0,fieldId
NULL,YES,NULL,<blank>,ft,FULLTEXT,1,NULL,tikiwiki,1,tikiwiki,tiki_tracker_item_fields,NULL,NULL,value
NULL,<blank>,NULL,<blank>,PRIMARY,BTREE,0,A,tikiwiki,1,tikiwiki,tiki_tracker_items,NULL,0,itemId
NULL,<blank>,NULL,<blank>,PRIMARY,BTREE,0,A,tikiwiki,1,tikiwiki,tiki_tracker_options,NULL,NULL,trackerId
NULL,<blank>,30,<blank>,PRIMARY,BTREE,0,A,tikiwiki,2,tikiwiki,tiki_tracker_options,NULL,0,name
NULL,<blank>,NULL,<blank>,PRIMARY,BTREE,0,A,tikiwiki,1,tikiwiki,tiki_trackers,NULL,0,trackerId
NULL,<blank>,NULL,<blank>,PRIMARY,BTREE,0,A,tikiwiki,1,tikiwiki,tiki_translated_objects,NULL,NULL,type
NULL,<blank>,NULL,<blank>,PRIMARY,BTREE,0,A,tikiwiki,2,tikiwiki,tiki_translated_objects,NULL,0,objId
NULL,<blank>,NULL,<blank>,traId,BTREE,1,A,tikiwiki,1,tikiwiki,tiki_translated_objects,NULL,NULL,traId
NULL,<blank>,255,<blank>,PRIMARY,BTREE,0,A,tikiwiki,1,tikiwiki,tiki_untranslated,NULL,NULL,source
NULL,<blank>,NULL,<blank>,PRIMARY,BTREE,0,A,tikiwiki,2,tikiwiki,tiki_untranslated,NULL,0,lang
NULL,<blank>,NULL,<blank>,id,BTREE,0,A,tikiwiki,1,tikiwiki,tiki_untranslated,NULL,0,id
NULL,<blank>,NULL,<blank>,id_2,BTREE,1,A,tikiwiki,1,tikiwiki,tiki_untranslated,NULL,NULL,id
NULL,<blank>,NULL,<blank>,PRIMARY,BTREE,0,A,tikiwiki,1,tikiwiki,tiki_user_answers,NULL,NULL,userResultId
NULL,<blank>,NULL,<blank>,PRIMARY,BTREE,0,A,tikiwiki,2,tikiwiki,tiki_user_answers,NULL,NULL,quizId
NULL,<blank>,NULL,<blank>,PRIMARY,BTREE,0,A,tikiwiki,3,tikiwiki,tiki_user_answers,NULL,NULL,questionId
NULL,<blank>,NULL,<blank>,PRIMARY,BTREE,0,A,tikiwiki,4,tikiwiki,tiki_user_answers,NULL,0,optionId
NULL,<blank>,NULL,<blank>,PRIMARY,BTREE,0,A,tikiwiki,1,tikiwiki,tiki_user_answers_uploads,NULL,0,answerUploadId
NULL,<blank>,NULL,<blank>,PRIMARY,BTREE,0,A,tikiwiki,1,tikiwiki,tiki_user_assigned_modules,NULL,NULL,name
NULL,<blank>,NULL,<blank>,PRIMARY,BTREE,0,A,tikiwiki,2,tikiwiki,tiki_user_assigned_modules,NULL,0,user
NULL,<blank>,NULL,<blank>,PRIMARY,BTREE,0,A,tikiwiki,1,tikiwiki,tiki_user_bookmarks_folders,NULL,NULL,user
NULL,<blank>,NULL,<blank>,PRIMARY,BTREE,0,A,tikiwiki,2,tikiwiki,tiki_user_bookmarks_folders,NULL,0,folderId
NULL,<blank>,NULL,<blank>,PRIMARY,BTREE,0,A,tikiwiki,1,tikiwiki,tiki_user_bookmarks_urls,NULL,0,urlId
NULL,<blank>,NULL,<blank>,PRIMARY,BTREE,0,A,tikiwiki,1,tikiwiki,tiki_user_mail_accounts,NULL,0,accountId
NULL,<blank>,NULL,<blank>,PRIMARY,BTREE,0,A,tikiwiki,1,tikiwiki,tiki_user_menus,NULL,0,menuId
NULL,<blank>,NULL,<blank>,PRIMARY,BTREE,0,A,tikiwiki,1,tikiwiki,tiki_user_modules,NULL,1,name
NULL,<blank>,NULL,<blank>,PRIMARY,BTREE,0,A,tikiwiki,1,tikiwiki,tiki_user_notes,NULL,0,noteId
NULL,<blank>,NULL,<blank>,PRIMARY,BTREE,0,A,tikiwiki,1,tikiwiki,tiki_user_postings,NULL,0,user
NULL,<blank>,NULL,<blank>,PRIMARY,BTREE,0,A,tikiwiki,1,tikiwiki,tiki_user_preferences,NULL,NULL,user
NULL,<blank>,NULL,<blank>,PRIMARY,BTREE,0,A,tikiwiki,2,tikiwiki,tiki_user_preferences,NULL,1,prefName
NULL,<blank>,NULL,<blank>,PRIMARY,BTREE,0,A,tikiwiki,1,tikiwiki,tiki_user_quizzes,NULL,0,userResultId
NULL,<blank>,NULL,<blank>,PRIMARY,BTREE,0,A,tikiwiki,1,tikiwiki,tiki_user_taken_quizzes,NULL,NULL,user
NULL,<blank>,100,<blank>,PRIMARY,BTREE,0,A,tikiwiki,2,tikiwiki,tiki_user_taken_quizzes,NULL,0,quizId
NULL,<blank>,NULL,<blank>,PRIMARY,BTREE,0,A,tikiwiki,1,tikiwiki,tiki_user_tasks,NULL,0,taskId
NULL,<blank>,NULL,<blank>,creator,BTREE,0,A,tikiwiki,1,tikiwiki,tiki_user_tasks,NULL,NULL,creator
NULL,<blank>,NULL,<blank>,creator,BTREE,0,A,tikiwiki,2,tikiwiki,tiki_user_tasks,NULL,0,created
NULL,<blank>,NULL,<blank>,PRIMARY,BTREE,0,A,tikiwiki,1,tikiwiki,tiki_user_tasks_history,NULL,NULL,belongs_to
NULL,<blank>,NULL,<blank>,PRIMARY,BTREE,0,A,tikiwiki,2,tikiwiki,tiki_user_tasks_history,NULL,0,task_version
NULL,<blank>,NULL,<blank>,PRIMARY,BTREE,0,A,tikiwiki,1,tikiwiki,tiki_user_votings,NULL,NULL,user
NULL,<blank>,100,<blank>,PRIMARY,BTREE,0,A,tikiwiki,2,tikiwiki,tiki_user_votings,NULL,0,id
NULL,<blank>,NULL,<blank>,PRIMARY,BTREE,0,A,tikiwiki,1,tikiwiki,tiki_user_watches,NULL,NULL,user
NULL,<blank>,NULL,<blank>,PRIMARY,BTREE,0,A,tikiwiki,2,tikiwiki,tiki_user_watches,NULL,NULL,event
NULL,<blank>,100,<blank>,PRIMARY,BTREE,0,A,tikiwiki,3,tikiwiki,tiki_user_watches,NULL,0,object
NULL,<blank>,NULL,<blank>,PRIMARY,BTREE,0,A,tikiwiki,1,tikiwiki,tiki_userfiles,NULL,0,fileId
NULL,<blank>,NULL,<blank>,PRIMARY,BTREE,0,A,tikiwiki,1,tikiwiki,tiki_users,NULL,0,user
NULL,<blank>,NULL,<blank>,PRIMARY,BTREE,0,A,tikiwiki,1,tikiwiki,tiki_users_score,NULL,NULL,user
NULL,<blank>,NULL,<blank>,PRIMARY,BTREE,0,A,tikiwiki,2,tikiwiki,tiki_users_score,NULL,0,event_id
NULL,<blank>,NULL,<blank>,user,BTREE,1,A,tikiwiki,1,tikiwiki,tiki_users_score,NULL,NULL,user
NULL,<blank>,NULL,<blank>,user,BTREE,1,A,tikiwiki,2,tikiwiki,tiki_users_score,NULL,NULL,event_id
NULL,<blank>,NULL,<blank>,user,BTREE,1,A,tikiwiki,3,tikiwiki,tiki_users_score,NULL,NULL,expire
NULL,<blank>,NULL,<blank>,PRIMARY,BTREE,0,A,tikiwiki,1,tikiwiki,tiki_webmail_contacts,NULL,0,contactId
NULL,<blank>,NULL,<blank>,PRIMARY,BTREE,0,A,tikiwiki,1,tikiwiki,tiki_webmail_messages,NULL,NULL,accountId
NULL,<blank>,NULL,<blank>,PRIMARY,BTREE,0,A,tikiwiki,2,tikiwiki,tiki_webmail_messages,NULL,0,mailId
NULL,<blank>,NULL,<blank>,PRIMARY,BTREE,0,A,tikiwiki,1,tikiwiki,tiki_wiki_attachments,NULL,0,attId
NULL,<blank>,NULL,<blank>,PRIMARY,BTREE,0,A,tikiwiki,1,tikiwiki,tiki_zones,NULL,0,zone
NULL,<blank>,30,<blank>,PRIMARY,BTREE,0,A,tikiwiki,1,tikiwiki,users_grouppermissions,NULL,NULL,groupName
NULL,<blank>,NULL,<blank>,PRIMARY,BTREE,0,A,tikiwiki,2,tikiwiki,users_grouppermissions,NULL,4,permName
NULL,<blank>,30,<blank>,PRIMARY,BTREE,0,A,tikiwiki,1,tikiwiki,users_groups,NULL,3,groupName
NULL,<blank>,NULL,<blank>,PRIMARY,BTREE,0,A,tikiwiki,1,tikiwiki,users_objectpermissions,NULL,NULL,objectId
NULL,<blank>,NULL,<blank>,PRIMARY,BTREE,0,A,tikiwiki,2,tikiwiki,users_objectpermissions,NULL,NULL,objectType
NULL,<blank>,30,<blank>,PRIMARY,BTREE,0,A,tikiwiki,3,tikiwiki,users_objectpermissions,NULL,NULL,groupName
NULL,<blank>,NULL,<blank>,PRIMARY,BTREE,0,A,tikiwiki,4,tikiwiki,users_objectpermissions,NULL,0,permName
NULL,<blank>,NULL,<blank>,PRIMARY,BTREE,0,A,tikiwiki,1,tikiwiki,users_permissions,NULL,178,permName
NULL,YES,NULL,<blank>,type,BTREE,1,A,tikiwiki,1,tikiwiki,users_permissions,NULL,NULL,type
NULL,<blank>,NULL,<blank>,PRIMARY,BTREE,0,A,tikiwiki,1,tikiwiki,users_usergroups,NULL,NULL,userId
NULL,<blank>,30,<blank>,PRIMARY,BTREE,0,A,tikiwiki,2,tikiwiki,users_usergroups,NULL,1,groupName
NULL,<blank>,NULL,<blank>,PRIMARY,BTREE,0,A,tikiwiki,1,tikiwiki,users_users,NULL,1,userId
NULL,<blank>,NULL,<blank>,score,BTREE,1,A,tikiwiki,1,tikiwiki,users_users,NULL,NULL,score
NULL,<blank>,NULL,<blank>,login,BTREE,1,A,tikiwiki,1,tikiwiki,users_users,NULL,NULL,login
NULL,<blank>,NULL,<blank>,PRIMARY,BTREE,0,A,tikiwiki195,1,tikiwiki195,galaxia_activities,NULL,0,activityId
NULL,<blank>,NULL,<blank>,PRIMARY,BTREE,0,A,tikiwiki195,1,tikiwiki195,galaxia_activity_roles,NULL,NULL,activityId
NULL,<blank>,NULL,<blank>,PRIMARY,BTREE,0,A,tikiwiki195,2,tikiwiki195,galaxia_activity_roles,NULL,0,roleId
NULL,<blank>,NULL,<blank>,PRIMARY,BTREE,0,A,tikiwiki195,1,tikiwiki195,galaxia_instance_activities,NULL,NULL,instanceId
NULL,<blank>,NULL,<blank>,PRIMARY,BTREE,0,A,tikiwiki195,2,tikiwiki195,galaxia_instance_activities,NULL,0,activityId
NULL,<blank>,NULL,<blank>,PRIMARY,BTREE,0,A,tikiwiki195,1,tikiwiki195,galaxia_instance_comments,NULL,0,cId
NULL,<blank>,NULL,<blank>,PRIMARY,BTREE,0,A,tikiwiki195,1,tikiwiki195,galaxia_instances,NULL,0,instanceId
NULL,<blank>,NULL,<blank>,PRIMARY,BTREE,0,A,tikiwiki195,1,tikiwiki195,galaxia_processes,NULL,0,pId
NULL,<blank>,NULL,<blank>,PRIMARY,BTREE,0,A,tikiwiki195,1,tikiwiki195,galaxia_roles,NULL,0,roleId
NULL,<blank>,NULL,<blank>,PRIMARY,BTREE,0,A,tikiwiki195,1,tikiwiki195,galaxia_transitions,NULL,NULL,actFromId
NULL,<blank>,NULL,<blank>,PRIMARY,BTREE,0,A,tikiwiki195,2,tikiwiki195,galaxia_transitions,NULL,0,actToId
NULL,<blank>,NULL,<blank>,PRIMARY,BTREE,0,A,tikiwiki195,1,tikiwiki195,galaxia_user_roles,NULL,NULL,roleId
NULL,<blank>,NULL,<blank>,PRIMARY,BTREE,0,A,tikiwiki195,2,tikiwiki195,galaxia_user_roles,NULL,0,user
NULL,<blank>,NULL,<blank>,PRIMARY,BTREE,0,A,tikiwiki195,1,tikiwiki195,galaxia_workitems,NULL,0,itemId
NULL,<blank>,NULL,<blank>,PRIMARY,BTREE,0,A,tikiwiki195,1,tikiwiki195,messu_archive,NULL,0,msgId
NULL,<blank>,NULL,<blank>,PRIMARY,BTREE,0,A,tikiwiki195,1,tikiwiki195,messu_messages,NULL,0,msgId
NULL,<blank>,NULL,<blank>,PRIMARY,BTREE,0,A,tikiwiki195,1,tikiwiki195,messu_sent,NULL,0,msgId
NULL,<blank>,NULL,<blank>,PRIMARY,BTREE,0,A,tikiwiki195,1,tikiwiki195,sessions,NULL,0,sesskey
NULL,<blank>,NULL,<blank>,expiry,BTREE,1,A,tikiwiki195,1,tikiwiki195,sessions,NULL,NULL,expiry
NULL,<blank>,NULL,<blank>,PRIMARY,BTREE,0,A,tikiwiki195,1,tikiwiki195,tiki_article_types,NULL,4,type
NULL,<blank>,NULL,<blank>,PRIMARY,BTREE,0,A,tikiwiki195,1,tikiwiki195,tiki_articles,NULL,0,articleId
NULL,YES,NULL,<blank>,title,BTREE,1,A,tikiwiki195,1,tikiwiki195,tiki_articles,NULL,NULL,title
NULL,YES,255,<blank>,heading,BTREE,1,A,tikiwiki195,1,tikiwiki195,tiki_articles,NULL,NULL,heading
NULL,YES,255,<blank>,body,BTREE,1,A,tikiwiki195,1,tikiwiki195,tiki_articles,NULL,NULL,body
NULL,YES,32,<blank>,author,BTREE,1,A,tikiwiki195,1,tikiwiki195,tiki_articles,NULL,NULL,author
NULL,YES,NULL,<blank>,nbreads,BTREE,1,A,tikiwiki195,1,tikiwiki195,tiki_articles,NULL,NULL,nbreads
NULL,YES,NULL,<blank>,ft,FULLTEXT,1,NULL,tikiwiki195,1,tikiwiki195,tiki_articles,NULL,NULL,title
NULL,YES,NULL,<blank>,ft,FULLTEXT,1,NULL,tikiwiki195,2,tikiwiki195,tiki_articles,NULL,NULL,heading
NULL,YES,NULL,<blank>,ft,FULLTEXT,1,NULL,tikiwiki195,3,tikiwiki195,tiki_articles,NULL,NULL,body
NULL,<blank>,NULL,<blank>,PRIMARY,BTREE,0,A,tikiwiki195,1,tikiwiki195,tiki_banners,NULL,0,bannerId
NULL,<blank>,NULL,<blank>,PRIMARY,BTREE,0,A,tikiwiki195,1,tikiwiki195,tiki_banning,NULL,0,banId
NULL,<blank>,NULL,<blank>,PRIMARY,BTREE,0,A,tikiwiki195,1,tikiwiki195,tiki_banning_sections,NULL,NULL,banId
NULL,<blank>,NULL,<blank>,PRIMARY,BTREE,0,A,tikiwiki195,2,tikiwiki195,tiki_banning_sections,NULL,0,section
NULL,<blank>,NULL,<blank>,PRIMARY,BTREE,0,A,tikiwiki195,1,tikiwiki195,tiki_blog_activity,NULL,NULL,blogId
NULL,<blank>,NULL,<blank>,PRIMARY,BTREE,0,A,tikiwiki195,2,tikiwiki195,tiki_blog_activity,NULL,0,day
NULL,<blank>,NULL,<blank>,PRIMARY,BTREE,0,A,tikiwiki195,1,tikiwiki195,tiki_blog_posts,NULL,0,postId
NULL,YES,255,<blank>,data,BTREE,1,A,tikiwiki195,1,tikiwiki195,tiki_blog_posts,NULL,NULL,data
NULL,<blank>,NULL,<blank>,blogId,BTREE,1,A,tikiwiki195,1,tikiwiki195,tiki_blog_posts,NULL,NULL,blogId
NULL,YES,NULL,<blank>,created,BTREE,1,A,tikiwiki195,1,tikiwiki195,tiki_blog_posts,NULL,NULL,created
NULL,YES,NULL,<blank>,ft,FULLTEXT,1,NULL,tikiwiki195,1,tikiwiki195,tiki_blog_posts,NULL,NULL,data
NULL,YES,NULL,<blank>,ft,FULLTEXT,1,NULL,tikiwiki195,2,tikiwiki195,tiki_blog_posts,NULL,NULL,title
NULL,<blank>,NULL,<blank>,PRIMARY,BTREE,0,A,tikiwiki195,1,tikiwiki195,tiki_blog_posts_images,NULL,0,imgId
NULL,<blank>,NULL,<blank>,PRIMARY,BTREE,0,A,tikiwiki195,1,tikiwiki195,tiki_blogs,NULL,0,blogId
NULL,YES,NULL,<blank>,title,BTREE,1,A,tikiwiki195,1,tikiwiki195,tiki_blogs,NULL,NULL,title
NULL,YES,255,<blank>,description,BTREE,1,A,tikiwiki195,1,tikiwiki195,tiki_blogs,NULL,NULL,description
NULL,YES,NULL,<blank>,hits,BTREE,1,A,tikiwiki195,1,tikiwiki195,tiki_blogs,NULL,NULL,hits
NULL,YES,NULL,<blank>,ft,FULLTEXT,1,NULL,tikiwiki195,1,tikiwiki195,tiki_blogs,NULL,NULL,title
NULL,YES,NULL,<blank>,ft,FULLTEXT,1,NULL,tikiwiki195,2,tikiwiki195,tiki_blogs,NULL,NULL,description
NULL,<blank>,NULL,<blank>,PRIMARY,BTREE,0,A,tikiwiki195,1,tikiwiki195,tiki_calendar_categories,NULL,0,calcatId
NULL,<blank>,NULL,<blank>,catname,BTREE,0,A,tikiwiki195,1,tikiwiki195,tiki_calendar_categories,NULL,NULL,calendarId
NULL,<blank>,16,<blank>,catname,BTREE,0,A,tikiwiki195,2,tikiwiki195,tiki_calendar_categories,NULL,0,name
NULL,<blank>,NULL,<blank>,PRIMARY,BTREE,0,A,tikiwiki195,1,tikiwiki195,tiki_calendar_items,NULL,0,calitemId
NULL,<blank>,NULL,<blank>,calendarId,BTREE,1,A,tikiwiki195,1,tikiwiki195,tiki_calendar_items,NULL,NULL,calendarId
NULL,<blank>,NULL,<blank>,PRIMARY,BTREE,0,A,tikiwiki195,1,tikiwiki195,tiki_calendar_locations,NULL,0,callocId
NULL,<blank>,NULL,<blank>,locname,BTREE,0,A,tikiwiki195,1,tikiwiki195,tiki_calendar_locations,NULL,NULL,calendarId
NULL,<blank>,16,<blank>,locname,BTREE,0,A,tikiwiki195,2,tikiwiki195,tiki_calendar_locations,NULL,0,name
NULL,<blank>,NULL,<blank>,PRIMARY,BTREE,0,A,tikiwiki195,1,tikiwiki195,tiki_calendar_roles,NULL,NULL,calitemId
NULL,<blank>,16,<blank>,PRIMARY,BTREE,0,A,tikiwiki195,2,tikiwiki195,tiki_calendar_roles,NULL,NULL,username
NULL,<blank>,NULL,<blank>,PRIMARY,BTREE,0,A,tikiwiki195,3,tikiwiki195,tiki_calendar_roles,NULL,0,role
NULL,<blank>,NULL,<blank>,PRIMARY,BTREE,0,A,tikiwiki195,1,tikiwiki195,tiki_calendars,NULL,0,calendarId
NULL,<blank>,NULL,<blank>,PRIMARY,BTREE,0,A,tikiwiki195,1,tikiwiki195,tiki_categories,NULL,0,categId
NULL,<blank>,NULL,<blank>,PRIMARY,BTREE,0,A,tikiwiki195,1,tikiwiki195,tiki_categorized_objects,NULL,0,catObjectId
NULL,<blank>,NULL,<blank>,PRIMARY,BTREE,0,A,tikiwiki195,1,tikiwiki195,tiki_category_objects,NULL,NULL,catObjectId
NULL,<blank>,NULL,<blank>,PRIMARY,BTREE,0,A,tikiwiki195,2,tikiwiki195,tiki_category_objects,NULL,0,categId
NULL,<blank>,NULL,<blank>,PRIMARY,BTREE,0,A,tikiwiki195,1,tikiwiki195,tiki_category_sites,NULL,NULL,categId
NULL,<blank>,NULL,<blank>,PRIMARY,BTREE,0,A,tikiwiki195,2,tikiwiki195,tiki_category_sites,NULL,0,siteId
NULL,<blank>,NULL,<blank>,PRIMARY,BTREE,0,A,tikiwiki195,1,tikiwiki195,tiki_chart_items,NULL,0,itemId
NULL,<blank>,NULL,<blank>,PRIMARY,BTREE,0,A,tikiwiki195,1,tikiwiki195,tiki_charts,NULL,0,chartId
NULL,<blank>,NULL,<blank>,PRIMARY,BTREE,0,A,tikiwiki195,1,tikiwiki195,tiki_charts_rankings,NULL,NULL,chartId
NULL,<blank>,NULL,<blank>,PRIMARY,BTREE,0,A,tikiwiki195,2,tikiwiki195,tiki_charts_rankings,NULL,NULL,itemId
NULL,<blank>,NULL,<blank>,PRIMARY,BTREE,0,A,tikiwiki195,3,tikiwiki195,tiki_charts_rankings,NULL,0,period
NULL,<blank>,NULL,<blank>,PRIMARY,BTREE,0,A,tikiwiki195,1,tikiwiki195,tiki_charts_votes,NULL,NULL,user
NULL,<blank>,NULL,<blank>,PRIMARY,BTREE,0,A,tikiwiki195,2,tikiwiki195,tiki_charts_votes,NULL,0,itemId
NULL,<blank>,NULL,<blank>,PRIMARY,BTREE,0,A,tikiwiki195,1,tikiwiki195,tiki_chat_channels,NULL,0,channelId
NULL,<blank>,NULL,<blank>,PRIMARY,BTREE,0,A,tikiwiki195,1,tikiwiki195,tiki_chat_messages,NULL,0,messageId
NULL,<blank>,NULL,<blank>,PRIMARY,BTREE,0,A,tikiwiki195,1,tikiwiki195,tiki_chat_users,NULL,NULL,nickname
NULL,<blank>,NULL,<blank>,PRIMARY,BTREE,0,A,tikiwiki195,2,tikiwiki195,tiki_chat_users,NULL,0,channelId
NULL,<blank>,NULL,<blank>,PRIMARY,BTREE,0,A,tikiwiki195,1,tikiwiki195,tiki_comments,NULL,0,threadId
NULL,YES,NULL,<blank>,title,BTREE,1,A,tikiwiki195,1,tikiwiki195,tiki_comments,NULL,NULL,title
NULL,YES,255,<blank>,data,BTREE,1,A,tikiwiki195,1,tikiwiki195,tiki_comments,NULL,NULL,data
NULL,<blank>,NULL,<blank>,object,BTREE,1,A,tikiwiki195,1,tikiwiki195,tiki_comments,NULL,NULL,object
NULL,YES,NULL,<blank>,hits,BTREE,1,A,tikiwiki195,1,tikiwiki195,tiki_comments,NULL,NULL,hits
NULL,YES,NULL,<blank>,tc_pi,BTREE,1,A,tikiwiki195,1,tikiwiki195,tiki_comments,NULL,NULL,parentId
NULL,YES,NULL,<blank>,ft,FULLTEXT,1,NULL,tikiwiki195,1,tikiwiki195,tiki_comments,NULL,NULL,title
NULL,YES,NULL,<blank>,ft,FULLTEXT,1,NULL,tikiwiki195,2,tikiwiki195,tiki_comments,NULL,NULL,data
NULL,<blank>,NULL,<blank>,PRIMARY,BTREE,0,A,tikiwiki195,1,tikiwiki195,tiki_content,NULL,0,contentId
NULL,<blank>,NULL,<blank>,PRIMARY,BTREE,0,A,tikiwiki195,1,tikiwiki195,tiki_content_templates,NULL,0,templateId
NULL,<blank>,NULL,<blank>,PRIMARY,BTREE,0,A,tikiwiki195,1,tikiwiki195,tiki_content_templates_sections,NULL,NULL,templateId
NULL,<blank>,NULL,<blank>,PRIMARY,BTREE,0,A,tikiwiki195,2,tikiwiki195,tiki_content_templates_sections,NULL,0,section
NULL,<blank>,NULL,<blank>,PRIMARY,BTREE,0,A,tikiwiki195,1,tikiwiki195,tiki_cookies,NULL,0,cookieId
NULL,<blank>,NULL,<blank>,PRIMARY,BTREE,0,A,tikiwiki195,1,tikiwiki195,tiki_copyrights,NULL,0,copyrightId
NULL,<blank>,NULL,<blank>,PRIMARY,BTREE,0,A,tikiwiki195,1,tikiwiki195,tiki_directory_categories,NULL,0,categId
NULL,<blank>,NULL,<blank>,PRIMARY,BTREE,0,A,tikiwiki195,1,tikiwiki195,tiki_directory_search,NULL,0,term
NULL,<blank>,NULL,<blank>,PRIMARY,BTREE,0,A,tikiwiki195,1,tikiwiki195,tiki_directory_sites,NULL,0,siteId
NULL,YES,NULL,<blank>,ft,FULLTEXT,1,NULL,tikiwiki195,1,tikiwiki195,tiki_directory_sites,NULL,NULL,name
NULL,YES,NULL,<blank>,ft,FULLTEXT,1,NULL,tikiwiki195,2,tikiwiki195,tiki_directory_sites,NULL,NULL,description
NULL,<blank>,NULL,<blank>,PRIMARY,BTREE,0,A,tikiwiki195,1,tikiwiki195,tiki_download,NULL,0,id
NULL,<blank>,NULL,<blank>,object,BTREE,1,A,tikiwiki195,1,tikiwiki195,tiki_download,NULL,NULL,object
NULL,<blank>,NULL,<blank>,object,BTREE,1,A,tikiwiki195,2,tikiwiki195,tiki_download,NULL,NULL,userId
NULL,<blank>,NULL,<blank>,object,BTREE,1,A,tikiwiki195,3,tikiwiki195,tiki_download,NULL,NULL,type
NULL,<blank>,NULL,<blank>,userId,BTREE,1,A,tikiwiki195,1,tikiwiki195,tiki_download,NULL,NULL,userId
NULL,<blank>,NULL,<blank>,type,BTREE,1,A,tikiwiki195,1,tikiwiki195,tiki_download,NULL,NULL,type
NULL,<blank>,NULL,<blank>,date,BTREE,1,A,tikiwiki195,1,tikiwiki195,tiki_download,NULL,NULL,date
NULL,<blank>,NULL,<blank>,PRIMARY,BTREE,0,A,tikiwiki195,1,tikiwiki195,tiki_drawings,NULL,0,drawId
NULL,<blank>,NULL,<blank>,PRIMARY,BTREE,0,A,tikiwiki195,1,tikiwiki195,tiki_dsn,NULL,0,dsnId
NULL,<blank>,NULL,<blank>,PRIMARY,BTREE,0,A,tikiwiki195,1,tikiwiki195,tiki_dynamic_variables,NULL,0,name
NULL,<blank>,NULL,<blank>,PRIMARY,BTREE,0,A,tikiwiki195,1,tikiwiki195,tiki_eph,NULL,0,ephId
NULL,<blank>,NULL,<blank>,PRIMARY,BTREE,0,A,tikiwiki195,1,tikiwiki195,tiki_extwiki,NULL,0,extwikiId
NULL,<blank>,NULL,<blank>,PRIMARY,BTREE,0,A,tikiwiki195,1,tikiwiki195,tiki_faq_questions,NULL,0,questionId
NULL,YES,NULL,<blank>,faqId,BTREE,1,A,tikiwiki195,1,tikiwiki195,tiki_faq_questions,NULL,NULL,faqId
NULL,YES,255,<blank>,question,BTREE,1,A,tikiwiki195,1,tikiwiki195,tiki_faq_questions,NULL,NULL,question
NULL,YES,255,<blank>,answer,BTREE,1,A,tikiwiki195,1,tikiwiki195,tiki_faq_questions,NULL,NULL,answer
NULL,YES,NULL,<blank>,ft,FULLTEXT,1,NULL,tikiwiki195,1,tikiwiki195,tiki_faq_questions,NULL,NULL,question
NULL,YES,NULL,<blank>,ft,FULLTEXT,1,NULL,tikiwiki195,2,tikiwiki195,tiki_faq_questions,NULL,NULL,answer
NULL,<blank>,NULL,<blank>,PRIMARY,BTREE,0,A,tikiwiki195,1,tikiwiki195,tiki_faqs,NULL,0,faqId
NULL,YES,NULL,<blank>,title,BTREE,1,A,tikiwiki195,1,tikiwiki195,tiki_faqs,NULL,NULL,title
NULL,YES,255,<blank>,description,BTREE,1,A,tikiwiki195,1,tikiwiki195,tiki_faqs,NULL,NULL,description
NULL,YES,NULL,<blank>,hits,BTREE,1,A,tikiwiki195,1,tikiwiki195,tiki_faqs,NULL,NULL,hits
NULL,YES,NULL,<blank>,ft,FULLTEXT,1,NULL,tikiwiki195,1,tikiwiki195,tiki_faqs,NULL,NULL,title
NULL,YES,NULL,<blank>,ft,FULLTEXT,1,NULL,tikiwiki195,2,tikiwiki195,tiki_faqs,NULL,NULL,description
NULL,<blank>,NULL,<blank>,PRIMARY,BTREE,0,A,tikiwiki195,1,tikiwiki195,tiki_featured_links,NULL,0,url
NULL,<blank>,NULL,<blank>,PRIMARY,BTREE,0,A,tikiwiki195,1,tikiwiki195,tiki_file_galleries,NULL,0,galleryId
NULL,<blank>,NULL,<blank>,PRIMARY,BTREE,0,A,tikiwiki195,1,tikiwiki195,tiki_files,NULL,0,fileId
NULL,<blank>,NULL,<blank>,name,BTREE,1,A,tikiwiki195,1,tikiwiki195,tiki_files,NULL,NULL,name
NULL,YES,255,<blank>,description,BTREE,1,A,tikiwiki195,1,tikiwiki195,tiki_files,NULL,NULL,description
NULL,YES,NULL,<blank>,downloads,BTREE,1,A,tikiwiki195,1,tikiwiki195,tiki_files,NULL,NULL,downloads
NULL,<blank>,NULL,<blank>,ft,FULLTEXT,1,NULL,tikiwiki195,1,tikiwiki195,tiki_files,NULL,NULL,name
NULL,YES,NULL,<blank>,ft,FULLTEXT,1,NULL,tikiwiki195,2,tikiwiki195,tiki_files,NULL,NULL,description
NULL,YES,NULL,<blank>,ft,FULLTEXT,1,NULL,tikiwiki195,3,tikiwiki195,tiki_files,NULL,NULL,search_data
NULL,<blank>,NULL,<blank>,PRIMARY,BTREE,0,A,tikiwiki195,1,tikiwiki195,tiki_forum_attachments,NULL,0,attId
NULL,<blank>,NULL,<blank>,PRIMARY,BTREE,0,A,tikiwiki195,1,tikiwiki195,tiki_forum_reads,NULL,NULL,user
NULL,<blank>,NULL,<blank>,PRIMARY,BTREE,0,A,tikiwiki195,2,tikiwiki195,tiki_forum_reads,NULL,0,threadId
NULL,<blank>,NULL,<blank>,PRIMARY,BTREE,0,A,tikiwiki195,1,tikiwiki195,tiki_forums,NULL,0,forumId
NULL,<blank>,NULL,<blank>,PRIMARY,BTREE,0,A,tikiwiki195,1,tikiwiki195,tiki_forums_queue,NULL,0,qId
NULL,<blank>,NULL,<blank>,PRIMARY,BTREE,0,A,tikiwiki195,1,tikiwiki195,tiki_forums_reported,NULL,0,threadId
NULL,<blank>,NULL,<blank>,PRIMARY,BTREE,0,A,tikiwiki195,1,tikiwiki195,tiki_friends,NULL,NULL,user
NULL,<blank>,NULL,<blank>,PRIMARY,BTREE,0,A,tikiwiki195,2,tikiwiki195,tiki_friends,NULL,0,friend
NULL,<blank>,NULL,<blank>,PRIMARY,BTREE,0,A,tikiwiki195,1,tikiwiki195,tiki_friendship_requests,NULL,NULL,userFrom
NULL,<blank>,NULL,<blank>,PRIMARY,BTREE,0,A,tikiwiki195,2,tikiwiki195,tiki_friendship_requests,NULL,0,userTo
NULL,<blank>,NULL,<blank>,PRIMARY,BTREE,0,A,tikiwiki195,1,tikiwiki195,tiki_galleries,NULL,0,galleryId
NULL,<blank>,NULL,<blank>,name,BTREE,1,A,tikiwiki195,1,tikiwiki195,tiki_galleries,NULL,NULL,name
NULL,YES,255,<blank>,description,BTREE,1,A,tikiwiki195,1,tikiwiki195,tiki_galleries,NULL,NULL,description
NULL,YES,NULL,<blank>,hits,BTREE,1,A,tikiwiki195,1,tikiwiki195,tiki_galleries,NULL,NULL,hits
NULL,<blank>,NULL,<blank>,ft,FULLTEXT,1,NULL,tikiwiki195,1,tikiwiki195,tiki_galleries,NULL,NULL,name
NULL,YES,NULL,<blank>,ft,FULLTEXT,1,NULL,tikiwiki195,2,tikiwiki195,tiki_galleries,NULL,NULL,description
NULL,<blank>,NULL,<blank>,PRIMARY,BTREE,0,A,tikiwiki195,1,tikiwiki195,tiki_galleries_scales,NULL,NULL,galleryId
NULL,<blank>,NULL,<blank>,PRIMARY,BTREE,0,A,tikiwiki195,2,tikiwiki195,tiki_galleries_scales,NULL,0,scale
NULL,<blank>,NULL,<blank>,PRIMARY,BTREE,0,A,tikiwiki195,1,tikiwiki195,tiki_games,NULL,0,gameName
NULL,<blank>,30,<blank>,PRIMARY,BTREE,0,A,tikiwiki195,1,tikiwiki195,tiki_group_inclusion,NULL,NULL,groupName
NULL,<blank>,30,<blank>,PRIMARY,BTREE,0,A,tikiwiki195,2,tikiwiki195,tiki_group_inclusion,NULL,0,includeGroup
NULL,<blank>,NULL,<blank>,PRIMARY,BTREE,0,A,tikiwiki195,1,tikiwiki195,tiki_history,NULL,NULL,pageName
NULL,<blank>,NULL,<blank>,PRIMARY,BTREE,0,A,tikiwiki195,2,tikiwiki195,tiki_history,NULL,0,version
NULL,<blank>,NULL,<blank>,PRIMARY,BTREE,0,A,tikiwiki195,1,tikiwiki195,tiki_hotwords,NULL,0,word
NULL,<blank>,NULL,<blank>,PRIMARY,BTREE,0,A,tikiwiki195,1,tikiwiki195,tiki_html_pages,NULL,0,pageName
NULL,<blank>,NULL,<blank>,PRIMARY,BTREE,0,A,tikiwiki195,1,tikiwiki195,tiki_html_pages_dynamic_zones,NULL,NULL,pageName
NULL,<blank>,NULL,<blank>,PRIMARY,BTREE,0,A,tikiwiki195,2,tikiwiki195,tiki_html_pages_dynamic_zones,NULL,0,zone
NULL,<blank>,NULL,<blank>,PRIMARY,BTREE,0,A,tikiwiki195,1,tikiwiki195,tiki_images,NULL,0,imageId
NULL,<blank>,NULL,<blank>,name,BTREE,1,A,tikiwiki195,1,tikiwiki195,tiki_images,NULL,NULL,name
NULL,YES,255,<blank>,description,BTREE,1,A,tikiwiki195,1,tikiwiki195,tiki_images,NULL,NULL,description
NULL,YES,NULL,<blank>,hits,BTREE,1,A,tikiwiki195,1,tikiwiki195,tiki_images,NULL,NULL,hits
NULL,<blank>,NULL,<blank>,ti_gId,BTREE,1,A,tikiwiki195,1,tikiwiki195,tiki_images,NULL,NULL,galleryId
NULL,YES,NULL,<blank>,ti_cr,BTREE,1,A,tikiwiki195,1,tikiwiki195,tiki_images,NULL,NULL,created
NULL,YES,NULL,<blank>,ti_us,BTREE,1,A,tikiwiki195,1,tikiwiki195,tiki_images,NULL,NULL,user
NULL,<blank>,NULL,<blank>,ft,FULLTEXT,1,NULL,tikiwiki195,1,tikiwiki195,tiki_images,NULL,NULL,name
NULL,YES,NULL,<blank>,ft,FULLTEXT,1,NULL,tikiwiki195,2,tikiwiki195,tiki_images,NULL,NULL,description
NULL,<blank>,NULL,<blank>,PRIMARY,BTREE,0,A,tikiwiki195,1,tikiwiki195,tiki_images_data,NULL,NULL,imageId
NULL,<blank>,NULL,<blank>,PRIMARY,BTREE,0,A,tikiwiki195,2,tikiwiki195,tiki_images_data,NULL,NULL,xsize
NULL,<blank>,NULL,<blank>,PRIMARY,BTREE,0,A,tikiwiki195,3,tikiwiki195,tiki_images_data,NULL,NULL,ysize
NULL,<blank>,NULL,<blank>,PRIMARY,BTREE,0,A,tikiwiki195,4,tikiwiki195,tiki_images_data,NULL,0,type
NULL,<blank>,NULL,<blank>,t_i_d_it,BTREE,1,A,tikiwiki195,1,tikiwiki195,tiki_images_data,NULL,NULL,imageId
NULL,<blank>,NULL,<blank>,t_i_d_it,BTREE,1,A,tikiwiki195,2,tikiwiki195,tiki_images_data,NULL,NULL,type
NULL,<blank>,NULL,<blank>,PRIMARY,BTREE,0,A,tikiwiki195,1,tikiwiki195,tiki_integrator_reps,NULL,1,repID
NULL,<blank>,NULL,<blank>,PRIMARY,BTREE,0,A,tikiwiki195,1,tikiwiki195,tiki_integrator_rules,NULL,3,ruleID
NULL,<blank>,NULL,<blank>,repID,BTREE,1,A,tikiwiki195,1,tikiwiki195,tiki_integrator_rules,NULL,NULL,repID
NULL,<blank>,255,<blank>,PRIMARY,BTREE,0,A,tikiwiki195,1,tikiwiki195,tiki_language,NULL,NULL,source
NULL,<blank>,NULL,<blank>,PRIMARY,BTREE,0,A,tikiwiki195,2,tikiwiki195,tiki_language,NULL,0,lang
NULL,<blank>,NULL,<blank>,PRIMARY,BTREE,0,A,tikiwiki195,1,tikiwiki195,tiki_languages,NULL,1,lang
NULL,<blank>,NULL,<blank>,PRIMARY,BTREE,0,A,tikiwiki195,1,tikiwiki195,tiki_link_cache,NULL,0,cacheId
NULL,YES,NULL,<blank>,urlindex,BTREE,1,A,tikiwiki195,1,tikiwiki195,tiki_link_cache,NULL,NULL,url
NULL,<blank>,NULL,<blank>,PRIMARY,BTREE,0,A,tikiwiki195,1,tikiwiki195,tiki_links,NULL,NULL,fromPage
NULL,<blank>,NULL,<blank>,PRIMARY,BTREE,0,A,tikiwiki195,2,tikiwiki195,tiki_links,NULL,0,toPage
NULL,<blank>,NULL,<blank>,PRIMARY,BTREE,0,A,tikiwiki195,1,tikiwiki195,tiki_live_support_events,NULL,0,eventId
NULL,<blank>,NULL,<blank>,PRIMARY,BTREE,0,A,tikiwiki195,1,tikiwiki195,tiki_live_support_message_comments,NULL,0,cId
NULL,<blank>,NULL,<blank>,PRIMARY,BTREE,0,A,tikiwiki195,1,tikiwiki195,tiki_live_support_messages,NULL,0,msgId
NULL,<blank>,NULL,<blank>,PRIMARY,BTREE,0,A,tikiwiki195,1,tikiwiki195,tiki_live_support_modules,NULL,7,modId
NULL,<blank>,NULL,<blank>,PRIMARY,BTREE,0,A,tikiwiki195,1,tikiwiki195,tiki_live_support_operators,NULL,0,user
NULL,<blank>,NULL,<blank>,PRIMARY,BTREE,0,A,tikiwiki195,1,tikiwiki195,tiki_live_support_requests,NULL,0,reqId
NULL,<blank>,NULL,<blank>,PRIMARY,BTREE,0,A,tikiwiki195,1,tikiwiki195,tiki_logs,NULL,0,logId
NULL,<blank>,NULL,<blank>,logtype,BTREE,1,A,tikiwiki195,1,tikiwiki195,tiki_logs,NULL,NULL,logtype
NULL,<blank>,NULL,<blank>,PRIMARY,BTREE,0,A,tikiwiki195,1,tikiwiki195,tiki_mailin_accounts,NULL,0,accountId
NULL,<blank>,NULL,<blank>,PRIMARY,BTREE,0,A,tikiwiki195,1,tikiwiki195,tiki_menu_languages,NULL,NULL,menuId
NULL,<blank>,NULL,<blank>,PRIMARY,BTREE,0,A,tikiwiki195,2,tikiwiki195,tiki_menu_languages,NULL,0,language
NULL,<blank>,NULL,<blank>,PRIMARY,BTREE,0,A,tikiwiki195,1,tikiwiki195,tiki_menu_options,NULL,170,optionId
NULL,<blank>,NULL,<blank>,PRIMARY,BTREE,0,A,tikiwiki195,1,tikiwiki195,tiki_menus,NULL,1,menuId
NULL,<blank>,NULL,<blank>,PRIMARY,BTREE,0,A,tikiwiki195,1,tikiwiki195,tiki_minical_events,NULL,0,eventId
NULL,<blank>,NULL,<blank>,PRIMARY,BTREE,0,A,tikiwiki195,1,tikiwiki195,tiki_minical_topics,NULL,0,topicId
NULL,<blank>,NULL,<blank>,PRIMARY,BTREE,0,A,tikiwiki195,1,tikiwiki195,tiki_modules,NULL,4,name
NULL,<blank>,NULL,<blank>,PRIMARY,BTREE,0,A,tikiwiki195,1,tikiwiki195,tiki_newsletter_groups,NULL,NULL,nlId
NULL,<blank>,NULL,<blank>,PRIMARY,BTREE,0,A,tikiwiki195,2,tikiwiki195,tiki_newsletter_groups,NULL,0,groupName
NULL,<blank>,NULL,<blank>,PRIMARY,BTREE,0,A,tikiwiki195,1,tikiwiki195,tiki_newsletter_subscriptions,NULL,NULL,nlId
NULL,<blank>,NULL,<blank>,PRIMARY,BTREE,0,A,tikiwiki195,2,tikiwiki195,tiki_newsletter_subscriptions,NULL,NULL,email
NULL,<blank>,NULL,<blank>,PRIMARY,BTREE,0,A,tikiwiki195,3,tikiwiki195,tiki_newsletter_subscriptions,NULL,0,isUser
NULL,<blank>,NULL,<blank>,PRIMARY,BTREE,0,A,tikiwiki195,1,tikiwiki195,tiki_newsletters,NULL,0,nlId
NULL,<blank>,NULL,<blank>,PRIMARY,BTREE,0,A,tikiwiki195,1,tikiwiki195,tiki_newsreader_marks,NULL,NULL,user
NULL,<blank>,NULL,<blank>,PRIMARY,BTREE,0,A,tikiwiki195,2,tikiwiki195,tiki_newsreader_marks,NULL,NULL,serverId
NULL,<blank>,100,<blank>,PRIMARY,BTREE,0,A,tikiwiki195,3,tikiwiki195,tiki_newsreader_marks,NULL,0,groupName
NULL,<blank>,NULL,<blank>,PRIMARY,BTREE,0,A,tikiwiki195,1,tikiwiki195,tiki_newsreader_servers,NULL,0,serverId
NULL,<blank>,NULL,<blank>,PRIMARY,BTREE,0,A,tikiwiki195,1,tikiwiki195,tiki_object_ratings,NULL,NULL,catObjectId
NULL,<blank>,NULL,<blank>,PRIMARY,BTREE,0,A,tikiwiki195,2,tikiwiki195,tiki_object_ratings,NULL,0,pollId
NULL,<blank>,NULL,<blank>,PRIMARY,BTREE,0,A,tikiwiki195,1,tikiwiki195,tiki_page_footnotes,NULL,NULL,user
NULL,<blank>,100,<blank>,PRIMARY,BTREE,0,A,tikiwiki195,2,tikiwiki195,tiki_page_footnotes,NULL,0,pageName
NULL,<blank>,NULL,<blank>,PRIMARY,BTREE,0,A,tikiwiki195,1,tikiwiki195,tiki_pages,NULL,1,page_id
NULL,<blank>,NULL,<blank>,pageName,BTREE,0,A,tikiwiki195,1,tikiwiki195,tiki_pages,NULL,1,pageName
NULL,YES,255,<blank>,data,BTREE,1,A,tikiwiki195,1,tikiwiki195,tiki_pages,NULL,NULL,data
NULL,YES,NULL,<blank>,pageRank,BTREE,1,A,tikiwiki195,1,tikiwiki195,tiki_pages,NULL,NULL,pageRank
NULL,<blank>,NULL,<blank>,ft,FULLTEXT,1,NULL,tikiwiki195,1,tikiwiki195,tiki_pages,NULL,NULL,pageName
NULL,YES,NULL,<blank>,ft,FULLTEXT,1,NULL,tikiwiki195,2,tikiwiki195,tiki_pages,NULL,NULL,description
NULL,YES,NULL,<blank>,ft,FULLTEXT,1,NULL,tikiwiki195,3,tikiwiki195,tiki_pages,NULL,NULL,data
NULL,<blank>,NULL,<blank>,PRIMARY,BTREE,0,A,tikiwiki195,1,tikiwiki195,tiki_pageviews,NULL,0,day
NULL,<blank>,NULL,<blank>,PRIMARY,BTREE,0,A,tikiwiki195,1,tikiwiki195,tiki_poll_objects,NULL,NULL,catObjectId
NULL,<blank>,NULL,<blank>,PRIMARY,BTREE,0,A,tikiwiki195,2,tikiwiki195,tiki_poll_objects,NULL,0,pollId
NULL,<blank>,NULL,<blank>,PRIMARY,BTREE,0,A,tikiwiki195,1,tikiwiki195,tiki_poll_options,NULL,0,optionId
NULL,<blank>,NULL,<blank>,PRIMARY,BTREE,0,A,tikiwiki195,1,tikiwiki195,tiki_polls,NULL,0,pollId
NULL,<blank>,NULL,<blank>,PRIMARY,BTREE,0,A,tikiwiki195,1,tikiwiki195,tiki_preferences,NULL,402,name
NULL,<blank>,NULL,<blank>,PRIMARY,BTREE,0,A,tikiwiki195,1,tikiwiki195,tiki_private_messages,NULL,0,messageId
NULL,<blank>,NULL,<blank>,PRIMARY,BTREE,0,A,tikiwiki195,1,tikiwiki195,tiki_programmed_content,NULL,0,pId
NULL,<blank>,NULL,<blank>,PRIMARY,BTREE,0,A,tikiwiki195,1,tikiwiki195,tiki_quicktags,NULL,49,tagId
NULL,YES,NULL,<blank>,tagcategory,BTREE,1,A,tikiwiki195,1,tikiwiki195,tiki_quicktags,NULL,NULL,tagcategory
NULL,YES,NULL,<blank>,taglabel,BTREE,1,A,tikiwiki195,1,tikiwiki195,tiki_quicktags,NULL,NULL,taglabel
NULL,<blank>,NULL,<blank>,PRIMARY,BTREE,0,A,tikiwiki195,1,tikiwiki195,tiki_quiz_question_options,NULL,0,optionId
NULL,<blank>,NULL,<blank>,PRIMARY,BTREE,0,A,tikiwiki195,1,tikiwiki195,tiki_quiz_questions,NULL,0,questionId
NULL,<blank>,NULL,<blank>,PRIMARY,BTREE,0,A,tikiwiki195,1,tikiwiki195,tiki_quiz_results,NULL,0,resultId
NULL,<blank>,NULL,<blank>,PRIMARY,BTREE,0,A,tikiwiki195,1,tikiwiki195,tiki_quiz_stats,NULL,NULL,quizId
NULL,<blank>,NULL,<blank>,PRIMARY,BTREE,0,A,tikiwiki195,2,tikiwiki195,tiki_quiz_stats,NULL,NULL,questionId
NULL,<blank>,NULL,<blank>,PRIMARY,BTREE,0,A,tikiwiki195,3,tikiwiki195,tiki_quiz_stats,NULL,0,optionId
NULL,<blank>,NULL,<blank>,PRIMARY,BTREE,0,A,tikiwiki195,1,tikiwiki195,tiki_quiz_stats_sum,NULL,0,quizId
NULL,<blank>,NULL,<blank>,PRIMARY,BTREE,0,A,tikiwiki195,1,tikiwiki195,tiki_quizzes,NULL,NULL,quizId
NULL,<blank>,NULL,<blank>,PRIMARY,BTREE,0,A,tikiwiki195,2,tikiwiki195,tiki_quizzes,NULL,0,nVersion
NULL,<blank>,NULL,<blank>,PRIMARY,BTREE,0,A,tikiwiki195,1,tikiwiki195,tiki_received_articles,NULL,0,receivedArticleId
NULL,<blank>,NULL,<blank>,PRIMARY,BTREE,0,A,tikiwiki195,1,tikiwiki195,tiki_received_pages,NULL,0,receivedPageId
NULL,<blank>,NULL,<blank>,PRIMARY,BTREE,0,A,tikiwiki195,1,tikiwiki195,tiki_referer_stats,NULL,0,referer
NULL,<blank>,NULL,<blank>,PRIMARY,BTREE,0,A,tikiwiki195,1,tikiwiki195,tiki_related_categories,NULL,NULL,categId
NULL,<blank>,NULL,<blank>,PRIMARY,BTREE,0,A,tikiwiki195,2,tikiwiki195,tiki_related_categories,NULL,0,relatedTo
NULL,<blank>,NULL,<blank>,PRIMARY,BTREE,0,A,tikiwiki195,1,tikiwiki195,tiki_rss_feeds,NULL,NULL,name
NULL,<blank>,NULL,<blank>,PRIMARY,BTREE,0,A,tikiwiki195,2,tikiwiki195,tiki_rss_feeds,NULL,0,rssVer
NULL,<blank>,NULL,<blank>,PRIMARY,BTREE,0,A,tikiwiki195,1,tikiwiki195,tiki_rss_modules,NULL,0,rssId
NULL,<blank>,NULL,<blank>,PRIMARY,BTREE,0,A,tikiwiki195,1,tikiwiki195,tiki_score,NULL,30,event
NULL,<blank>,NULL,<blank>,PRIMARY,BTREE,0,A,tikiwiki195,1,tikiwiki195,tiki_search_stats,NULL,0,term
NULL,<blank>,NULL,<blank>,PRIMARY,BTREE,0,A,tikiwiki195,1,tikiwiki195,tiki_searchindex,NULL,NULL,searchword
NULL,<blank>,NULL,<blank>,PRIMARY,BTREE,0,A,tikiwiki195,2,tikiwiki195,tiki_searchindex,NULL,NULL,location
NULL,<blank>,80,<blank>,PRIMARY,BTREE,0,A,tikiwiki195,3,tikiwiki195,tiki_searchindex,NULL,1,page
NULL,<blank>,NULL,<blank>,last_update,BTREE,1,A,tikiwiki195,1,tikiwiki195,tiki_searchindex,NULL,NULL,last_update
NULL,<blank>,NULL,<blank>,PRIMARY,BTREE,0,A,tikiwiki195,1,tikiwiki195,tiki_searchsyllable,NULL,0,syllable
NULL,<blank>,NULL,<blank>,lastUsed,BTREE,1,A,tikiwiki195,1,tikiwiki195,tiki_searchsyllable,NULL,NULL,lastUsed
NULL,<blank>,NULL,<blank>,PRIMARY,BTREE,0,A,tikiwiki195,1,tikiwiki195,tiki_searchwords,NULL,NULL,syllable
NULL,<blank>,NULL,<blank>,PRIMARY,BTREE,0,A,tikiwiki195,2,tikiwiki195,tiki_searchwords,NULL,0,searchword
NULL,<blank>,NULL,<blank>,PRIMARY,BTREE,0,A,tikiwiki195,1,tikiwiki195,tiki_secdb,NULL,NULL,md5_value
NULL,<blank>,100,<blank>,PRIMARY,BTREE,0,A,tikiwiki195,2,tikiwiki195,tiki_secdb,NULL,NULL,filename
NULL,<blank>,NULL,<blank>,PRIMARY,BTREE,0,A,tikiwiki195,3,tikiwiki195,tiki_secdb,NULL,0,tiki_version
NULL,<blank>,NULL,<blank>,sdb_fn,BTREE,1,A,tikiwiki195,1,tikiwiki195,tiki_secdb,NULL,NULL,filename
NULL,<blank>,NULL,<blank>,PRIMARY,BTREE,0,A,tikiwiki195,1,tikiwiki195,tiki_semaphores,NULL,0,semName
NULL,<blank>,NULL,<blank>,PRIMARY,BTREE,0,A,tikiwiki195,1,tikiwiki195,tiki_sent_newsletters,NULL,0,editionId
NULL,<blank>,NULL,<blank>,PRIMARY,BTREE,0,A,tikiwiki195,1,tikiwiki195,tiki_sessions,NULL,3,sessionId
NULL,<blank>,NULL,<blank>,sheetId,BTREE,0,A,tikiwiki195,1,tikiwiki195,tiki_sheet_layout,NULL,NULL,sheetId
NULL,<blank>,NULL,<blank>,sheetId,BTREE,0,A,tikiwiki195,2,tikiwiki195,tiki_sheet_layout,NULL,0,begin
NULL,<blank>,NULL,<blank>,sheetId,BTREE,0,A,tikiwiki195,1,tikiwiki195,tiki_sheet_values,NULL,NULL,sheetId
NULL,<blank>,NULL,<blank>,sheetId,BTREE,0,A,tikiwiki195,2,tikiwiki195,tiki_sheet_values,NULL,NULL,begin
NULL,<blank>,NULL,<blank>,sheetId,BTREE,0,A,tikiwiki195,3,tikiwiki195,tiki_sheet_values,NULL,NULL,rowIndex
NULL,<blank>,NULL,<blank>,sheetId,BTREE,0,A,tikiwiki195,4,tikiwiki195,tiki_sheet_values,NULL,0,columnIndex
NULL,<blank>,NULL,<blank>,sheetId_2,BTREE,1,A,tikiwiki195,1,tikiwiki195,tiki_sheet_values,NULL,NULL,sheetId
NULL,<blank>,NULL,<blank>,sheetId_2,BTREE,1,A,tikiwiki195,2,tikiwiki195,tiki_sheet_values,NULL,NULL,rowIndex
NULL,<blank>,NULL,<blank>,sheetId_2,BTREE,1,A,tikiwiki195,3,tikiwiki195,tiki_sheet_values,NULL,NULL,columnIndex
NULL,<blank>,NULL,<blank>,PRIMARY,BTREE,0,A,tikiwiki195,1,tikiwiki195,tiki_sheets,NULL,0,sheetId
NULL,<blank>,NULL,<blank>,PRIMARY,BTREE,0,A,tikiwiki195,1,tikiwiki195,tiki_shoutbox,NULL,0,msgId
NULL,<blank>,NULL,<blank>,PRIMARY,BTREE,0,A,tikiwiki195,1,tikiwiki195,tiki_shoutbox_words,NULL,0,word
NULL,<blank>,NULL,<blank>,PRIMARY,BTREE,0,A,tikiwiki195,1,tikiwiki195,tiki_stats,NULL,NULL,object
NULL,<blank>,NULL,<blank>,PRIMARY,BTREE,0,A,tikiwiki195,2,tikiwiki195,tiki_stats,NULL,NULL,type
NULL,<blank>,NULL,<blank>,PRIMARY,BTREE,0,A,tikiwiki195,3,tikiwiki195,tiki_stats,NULL,2,day
NULL,<blank>,NULL,<blank>,PRIMARY,BTREE,0,A,tikiwiki195,1,tikiwiki195,tiki_structure_versions,NULL,0,structure_id
NULL,<blank>,NULL,<blank>,PRIMARY,BTREE,0,A,tikiwiki195,1,tikiwiki195,tiki_structures,NULL,0,page_ref_id
NULL,<blank>,NULL,<blank>,pidpaid,BTREE,1,A,tikiwiki195,1,tikiwiki195,tiki_structures,NULL,NULL,page_id
NULL,YES,NULL,<blank>,pidpaid,BTREE,1,A,tikiwiki195,2,tikiwiki195,tiki_structures,NULL,NULL,parent_id
NULL,<blank>,NULL,<blank>,PRIMARY,BTREE,0,A,tikiwiki195,1,tikiwiki195,tiki_submissions,NULL,0,subId
NULL,<blank>,NULL,<blank>,PRIMARY,BTREE,0,A,tikiwiki195,1,tikiwiki195,tiki_suggested_faq_questions,NULL,0,sfqId
NULL,<blank>,NULL,<blank>,PRIMARY,BTREE,0,A,tikiwiki195,1,tikiwiki195,tiki_survey_question_options,NULL,0,optionId
NULL,<blank>,NULL,<blank>,PRIMARY,BTREE,0,A,tikiwiki195,1,tikiwiki195,tiki_survey_questions,NULL,0,questionId
NULL,<blank>,NULL,<blank>,PRIMARY,BTREE,0,A,tikiwiki195,1,tikiwiki195,tiki_surveys,NULL,0,surveyId
NULL,<blank>,NULL,<blank>,PRIMARY,BTREE,0,A,tikiwiki195,1,tikiwiki195,tiki_tags,NULL,NULL,tagName
NULL,<blank>,NULL,<blank>,PRIMARY,BTREE,0,A,tikiwiki195,2,tikiwiki195,tiki_tags,NULL,0,pageName
NULL,<blank>,NULL,<blank>,PRIMARY,BTREE,0,A,tikiwiki195,1,tikiwiki195,tiki_theme_control_categs,NULL,0,categId
NULL,<blank>,NULL,<blank>,PRIMARY,BTREE,0,A,tikiwiki195,1,tikiwiki195,tiki_theme_control_objects,NULL,0,objId
NULL,<blank>,NULL,<blank>,PRIMARY,BTREE,0,A,tikiwiki195,1,tikiwiki195,tiki_theme_control_sections,NULL,0,section
NULL,<blank>,NULL,<blank>,PRIMARY,BTREE,0,A,tikiwiki195,1,tikiwiki195,tiki_topics,NULL,0,topicId
NULL,<blank>,NULL,<blank>,PRIMARY,BTREE,0,A,tikiwiki195,1,tikiwiki195,tiki_tracker_fields,NULL,0,fieldId
NULL,<blank>,NULL,<blank>,PRIMARY,BTREE,0,A,tikiwiki195,1,tikiwiki195,tiki_tracker_item_attachments,NULL,0,attId
NULL,<blank>,NULL,<blank>,PRIMARY,BTREE,0,A,tikiwiki195,1,tikiwiki195,tiki_tracker_item_comments,NULL,0,commentId
NULL,<blank>,NULL,<blank>,PRIMARY,BTREE,0,A,tikiwiki195,1,tikiwiki195,tiki_tracker_item_fields,NULL,NULL,itemId
NULL,<blank>,NULL,<blank>,PRIMARY,BTREE,0,A,tikiwiki195,2,tikiwiki195,tiki_tracker_item_fields,NULL,0,fieldId
NULL,YES,NULL,<blank>,ft,FULLTEXT,1,NULL,tikiwiki195,1,tikiwiki195,tiki_tracker_item_fields,NULL,NULL,value
NULL,<blank>,NULL,<blank>,PRIMARY,BTREE,0,A,tikiwiki195,1,tikiwiki195,tiki_tracker_items,NULL,0,itemId
NULL,<blank>,NULL,<blank>,PRIMARY,BTREE,0,A,tikiwiki195,1,tikiwiki195,tiki_tracker_options,NULL,NULL,trackerId
NULL,<blank>,30,<blank>,PRIMARY,BTREE,0,A,tikiwiki195,2,tikiwiki195,tiki_tracker_options,NULL,0,name
NULL,<blank>,NULL,<blank>,PRIMARY,BTREE,0,A,tikiwiki195,1,tikiwiki195,tiki_trackers,NULL,0,trackerId
NULL,<blank>,NULL,<blank>,PRIMARY,BTREE,0,A,tikiwiki195,1,tikiwiki195,tiki_translated_objects,NULL,NULL,type
NULL,<blank>,NULL,<blank>,PRIMARY,BTREE,0,A,tikiwiki195,2,tikiwiki195,tiki_translated_objects,NULL,0,objId
NULL,<blank>,NULL,<blank>,traId,BTREE,1,A,tikiwiki195,1,tikiwiki195,tiki_translated_objects,NULL,NULL,traId
NULL,<blank>,255,<blank>,PRIMARY,BTREE,0,A,tikiwiki195,1,tikiwiki195,tiki_untranslated,NULL,NULL,source
NULL,<blank>,NULL,<blank>,PRIMARY,BTREE,0,A,tikiwiki195,2,tikiwiki195,tiki_untranslated,NULL,0,lang
NULL,<blank>,NULL,<blank>,id,BTREE,0,A,tikiwiki195,1,tikiwiki195,tiki_untranslated,NULL,0,id
NULL,<blank>,NULL,<blank>,id_2,BTREE,1,A,tikiwiki195,1,tikiwiki195,tiki_untranslated,NULL,NULL,id
NULL,<blank>,NULL,<blank>,PRIMARY,BTREE,0,A,tikiwiki195,1,tikiwiki195,tiki_user_answers,NULL,NULL,userResultId
NULL,<blank>,NULL,<blank>,PRIMARY,BTREE,0,A,tikiwiki195,2,tikiwiki195,tiki_user_answers,NULL,NULL,quizId
NULL,<blank>,NULL,<blank>,PRIMARY,BTREE,0,A,tikiwiki195,3,tikiwiki195,tiki_user_answers,NULL,NULL,questionId
NULL,<blank>,NULL,<blank>,PRIMARY,BTREE,0,A,tikiwiki195,4,tikiwiki195,tiki_user_answers,NULL,0,optionId
NULL,<blank>,NULL,<blank>,PRIMARY,BTREE,0,A,tikiwiki195,1,tikiwiki195,tiki_user_answers_uploads,NULL,0,answerUploadId
NULL,<blank>,NULL,<blank>,PRIMARY,BTREE,0,A,tikiwiki195,1,tikiwiki195,tiki_user_assigned_modules,NULL,NULL,name
NULL,<blank>,NULL,<blank>,PRIMARY,BTREE,0,A,tikiwiki195,2,tikiwiki195,tiki_user_assigned_modules,NULL,0,user
NULL,<blank>,NULL,<blank>,PRIMARY,BTREE,0,A,tikiwiki195,1,tikiwiki195,tiki_user_bookmarks_folders,NULL,NULL,user
NULL,<blank>,NULL,<blank>,PRIMARY,BTREE,0,A,tikiwiki195,2,tikiwiki195,tiki_user_bookmarks_folders,NULL,0,folderId
NULL,<blank>,NULL,<blank>,PRIMARY,BTREE,0,A,tikiwiki195,1,tikiwiki195,tiki_user_bookmarks_urls,NULL,0,urlId
NULL,<blank>,NULL,<blank>,PRIMARY,BTREE,0,A,tikiwiki195,1,tikiwiki195,tiki_user_mail_accounts,NULL,0,accountId
NULL,<blank>,NULL,<blank>,PRIMARY,BTREE,0,A,tikiwiki195,1,tikiwiki195,tiki_user_menus,NULL,0,menuId
NULL,<blank>,NULL,<blank>,PRIMARY,BTREE,0,A,tikiwiki195,1,tikiwiki195,tiki_user_modules,NULL,1,name
NULL,<blank>,NULL,<blank>,PRIMARY,BTREE,0,A,tikiwiki195,1,tikiwiki195,tiki_user_notes,NULL,0,noteId
NULL,<blank>,NULL,<blank>,PRIMARY,BTREE,0,A,tikiwiki195,1,tikiwiki195,tiki_user_postings,NULL,0,user
NULL,<blank>,NULL,<blank>,PRIMARY,BTREE,0,A,tikiwiki195,1,tikiwiki195,tiki_user_preferences,NULL,NULL,user
NULL,<blank>,NULL,<blank>,PRIMARY,BTREE,0,A,tikiwiki195,2,tikiwiki195,tiki_user_preferences,NULL,1,prefName
NULL,<blank>,NULL,<blank>,PRIMARY,BTREE,0,A,tikiwiki195,1,tikiwiki195,tiki_user_quizzes,NULL,0,userResultId
NULL,<blank>,NULL,<blank>,PRIMARY,BTREE,0,A,tikiwiki195,1,tikiwiki195,tiki_user_taken_quizzes,NULL,NULL,user
NULL,<blank>,100,<blank>,PRIMARY,BTREE,0,A,tikiwiki195,2,tikiwiki195,tiki_user_taken_quizzes,NULL,0,quizId
NULL,<blank>,NULL,<blank>,PRIMARY,BTREE,0,A,tikiwiki195,1,tikiwiki195,tiki_user_tasks,NULL,0,taskId
NULL,<blank>,NULL,<blank>,creator,BTREE,0,A,tikiwiki195,1,tikiwiki195,tiki_user_tasks,NULL,NULL,creator
NULL,<blank>,NULL,<blank>,creator,BTREE,0,A,tikiwiki195,2,tikiwiki195,tiki_user_tasks,NULL,0,created
NULL,<blank>,NULL,<blank>,PRIMARY,BTREE,0,A,tikiwiki195,1,tikiwiki195,tiki_user_tasks_history,NULL,NULL,belongs_to
NULL,<blank>,NULL,<blank>,PRIMARY,BTREE,0,A,tikiwiki195,2,tikiwiki195,tiki_user_tasks_history,NULL,0,task_version
NULL,<blank>,NULL,<blank>,PRIMARY,BTREE,0,A,tikiwiki195,1,tikiwiki195,tiki_user_votings,NULL,NULL,user
NULL,<blank>,100,<blank>,PRIMARY,BTREE,0,A,tikiwiki195,2,tikiwiki195,tiki_user_votings,NULL,0,id
NULL,<blank>,NULL,<blank>,PRIMARY,BTREE,0,A,tikiwiki195,1,tikiwiki195,tiki_user_watches,NULL,NULL,user
NULL,<blank>,NULL,<blank>,PRIMARY,BTREE,0,A,tikiwiki195,2,tikiwiki195,tiki_user_watches,NULL,NULL,event
NULL,<blank>,100,<blank>,PRIMARY,BTREE,0,A,tikiwiki195,3,tikiwiki195,tiki_user_watches,NULL,0,object
NULL,<blank>,NULL,<blank>,PRIMARY,BTREE,0,A,tikiwiki195,1,tikiwiki195,tiki_userfiles,NULL,0,fileId
NULL,<blank>,NULL,<blank>,PRIMARY,BTREE,0,A,tikiwiki195,1,tikiwiki195,tiki_users,NULL,0,user
NULL,<blank>,NULL,<blank>,PRIMARY,BTREE,0,A,tikiwiki195,1,tikiwiki195,tiki_users_score,NULL,NULL,user
NULL,<blank>,NULL,<blank>,PRIMARY,BTREE,0,A,tikiwiki195,2,tikiwiki195,tiki_users_score,NULL,0,event_id
NULL,<blank>,NULL,<blank>,user,BTREE,1,A,tikiwiki195,1,tikiwiki195,tiki_users_score,NULL,NULL,user
NULL,<blank>,NULL,<blank>,user,BTREE,1,A,tikiwiki195,2,tikiwiki195,tiki_users_score,NULL,NULL,event_id
NULL,<blank>,NULL,<blank>,user,BTREE,1,A,tikiwiki195,3,tikiwiki195,tiki_users_score,NULL,NULL,expire
NULL,<blank>,NULL,<blank>,PRIMARY,BTREE,0,A,tikiwiki195,1,tikiwiki195,tiki_webmail_contacts,NULL,0,contactId
NULL,<blank>,NULL,<blank>,PRIMARY,BTREE,0,A,tikiwiki195,1,tikiwiki195,tiki_webmail_messages,NULL,NULL,accountId
NULL,<blank>,NULL,<blank>,PRIMARY,BTREE,0,A,tikiwiki195,2,tikiwiki195,tiki_webmail_messages,NULL,0,mailId
NULL,<blank>,NULL,<blank>,PRIMARY,BTREE,0,A,tikiwiki195,1,tikiwiki195,tiki_wiki_attachments,NULL,0,attId
NULL,<blank>,NULL,<blank>,PRIMARY,BTREE,0,A,tikiwiki195,1,tikiwiki195,tiki_zones,NULL,0,zone
NULL,<blank>,30,<blank>,PRIMARY,BTREE,0,A,tikiwiki195,1,tikiwiki195,users_grouppermissions,NULL,NULL,groupName
NULL,<blank>,NULL,<blank>,PRIMARY,BTREE,0,A,tikiwiki195,2,tikiwiki195,users_grouppermissions,NULL,3,permName
NULL,<blank>,30,<blank>,PRIMARY,BTREE,0,A,tikiwiki195,1,tikiwiki195,users_groups,NULL,2,groupName
NULL,<blank>,NULL,<blank>,PRIMARY,BTREE,0,A,tikiwiki195,1,tikiwiki195,users_objectpermissions,NULL,NULL,objectId
NULL,<blank>,NULL,<blank>,PRIMARY,BTREE,0,A,tikiwiki195,2,tikiwiki195,users_objectpermissions,NULL,NULL,objectType
NULL,<blank>,30,<blank>,PRIMARY,BTREE,0,A,tikiwiki195,3,tikiwiki195,users_objectpermissions,NULL,NULL,groupName
NULL,<blank>,NULL,<blank>,PRIMARY,BTREE,0,A,tikiwiki195,4,tikiwiki195,users_objectpermissions,NULL,0,permName
NULL,<blank>,NULL,<blank>,PRIMARY,BTREE,0,A,tikiwiki195,1,tikiwiki195,users_permissions,NULL,177,permName
NULL,<blank>,NULL,<blank>,PRIMARY,BTREE,0,A,tikiwiki195,1,tikiwiki195,users_usergroups,NULL,NULL,userId
NULL,<blank>,30,<blank>,PRIMARY,BTREE,0,A,tikiwiki195,2,tikiwiki195,users_usergroups,NULL,0,groupName
NULL,<blank>,NULL,<blank>,PRIMARY,BTREE,0,A,tikiwiki195,1,tikiwiki195,users_users,NULL,1,userId
NULL,<blank>,NULL,<blank>,score,BTREE,1,A,tikiwiki195,1,tikiwiki195,users_users,NULL,NULL,score

