ENGINE,DATA_FREE,VERSION,CHECK_TIME,TABLE_ROWS,TABLE_TYPE,CHECKSUM,CREATE_TIME,DATA_LENGTH,UPDATE_TIME,INDEX_LENGTH,TABLE_SCHEMA,ROW_FORMAT,TABLE_NAME,TABLE_CATALOG,TABLE_COMMENT,CREATE_OPTIONS,MAX_DATA_LENGTH,TABLE_COLLATION,AUTO_INCREMENT,AVG_ROW_LENGTH
MEMORY,0,0,NULL,NULL,SYSTEM VIEW,NULL,NULL,0,NULL,0,information_schema,Fixed,CHARACTER_SETS,NULL,<blank>,max_rows=29127,16661376,utf8_general_ci,NULL,576
MEMORY,0,0,NULL,NULL,SYSTEM VIEW,NULL,NULL,0,NULL,0,information_schema,Fixed,COLLATIONS,NULL,<blank>,max_rows=39662,16737264,utf8_general_ci,NULL,423
MEMORY,0,0,NULL,NULL,SYSTEM VIEW,NULL,NULL,0,NULL,0,information_schema,Fixed,COLLATION_CHARACTER_SET_APPLICABILITY,NULL,<blank>,max_rows=43351,16733880,utf8_general_ci,NULL,387
MyISAM,0,0,NULL,NULL,SYSTEM VIEW,NULL,2025-10-31 00:15:31,0,2025-10-31 00:15:31,1024,information_schema,Dynamic,COLUMNS,NULL,<blank>,max_rows=8715,281474976710655,utf8_general_ci,NULL,0
MEMORY,0,0,NULL,NULL,SYSTEM VIEW,NULL,NULL,0,NULL,0,information_schema,Fixed,COLUMN_PRIVILEGES,NULL,<blank>,max_rows=6540,16757145,utf8_general_ci,NULL,2565
MEMORY,0,0,NULL,NULL,SYSTEM VIEW,NULL,NULL,0,NULL,0,information_schema,Fixed,KEY_COLUMN_USAGE,NULL,<blank>,max_rows=3618,16762755,utf8_general_ci,NULL,4637
MEMORY,0,0,NULL,NULL,SYSTEM VIEW,NULL,NULL,0,NULL,0,information_schema,Fixed,PROFILING,NULL,<blank>,max_rows=39475,16659575,utf8_general_ci,NULL,425
MyISAM,0,0,NULL,NULL,SYSTEM VIEW,NULL,2025-10-31 00:15:31,0,2025-10-31 00:15:31,1024,information_schema,Dynamic,ROUTINES,NULL,<blank>,max_rows=9172,281474976710655,utf8_general_ci,NULL,0
MEMORY,0,0,NULL,NULL,SYSTEM VIEW,NULL,NULL,0,NULL,0,information_schema,Fixed,SCHEMATA,NULL,<blank>,max_rows=4588,16755448,utf8_general_ci,NULL,3656
MEMORY,0,0,NULL,NULL,SYSTEM VIEW,NULL,NULL,0,NULL,0,information_schema,Fixed,SCHEMA_PRIVILEGES,NULL,<blank>,max_rows=7699,16767405,utf8_general_ci,NULL,2179
MEMORY,0,0,NULL,NULL,SYSTEM VIEW,NULL,NULL,0,NULL,0,information_schema,Fixed,STATISTICS,NULL,<blank>,max_rows=6262,16770540,utf8_general_ci,NULL,2679
MEMORY,0,0,NULL,NULL,SYSTEM VIEW,NULL,NULL,0,NULL,0,information_schema,Fixed,TABLES,NULL,<blank>,max_rows=4607,16763164,utf8_general_ci,NULL,3641
MEMORY,0,0,NULL,NULL,SYSTEM VIEW,NULL,NULL,0,NULL,0,information_schema,Fixed,TABLE_CONSTRAINTS,NULL,<blank>,max_rows=6700,16749256,utf8_general_ci,NULL,2504
MEMORY,0,0,NULL,NULL,SYSTEM VIEW,NULL,NULL,0,NULL,0,information_schema,Fixed,TABLE_PRIVILEGES,NULL,<blank>,max_rows=7073,16748692,utf8_general_ci,NULL,2372
MyISAM,0,0,NULL,NULL,SYSTEM VIEW,NULL,2025-10-31 00:15:31,0,2025-10-31 00:15:31,1024,information_schema,Dynamic,TRIGGERS,NULL,<blank>,max_rows=7652,281474976710655,utf8_general_ci,NULL,0
MEMORY,0,0,NULL,NULL,SYSTEM VIEW,NULL,NULL,0,NULL,0,information_schema,Fixed,USER_PRIVILEGES,NULL,<blank>,max_rows=8447,16759854,utf8_general_ci,NULL,1986
MyISAM,0,0,NULL,NULL,SYSTEM VIEW,NULL,2025-10-31 00:15:31,0,2025-10-31 00:15:31,1024,information_schema,Dynamic,VIEWS,NULL,<blank>,max_rows=15073,281474976710655,utf8_general_ci,NULL,0
MyISAM,0,10,NULL,1,BASE TABLE,NULL,2012-05-20 15:24:13,36,2012-05-20 15:24:13,2048,dvwa,Dynamic,guestbook,NULL,<blank>,<blank>,281474976710655,latin1_swedish_ci,2,36
MyISAM,0,10,NULL,5,BASE TABLE,NULL,2012-05-20 15:24:13,568,2012-05-20 15:24:13,2048,dvwa,Dynamic,users,NULL,<blank>,<blank>,281474976710655,latin1_swedish_ci,NULL,113
MyISAM,0,10,NULL,0,BASE TABLE,NULL,2010-03-17 11:32:48,0,2010-03-17 11:32:48,1024,mysql,Fixed,columns_priv,NULL,Column privileges,<blank>,227994731135631359,utf8_bin,NULL,0
MyISAM,0,10,NULL,2,BASE TABLE,NULL,2010-03-17 11:32:48,876,2010-03-17 11:32:48,4096,mysql,Fixed,db,NULL,Database privileges,<blank>,123286039799267327,utf8_bin,NULL,438
MyISAM,0,10,NULL,0,BASE TABLE,NULL,2010-03-17 11:32:48,0,2010-03-17 11:32:48,1024,mysql,Fixed,func,NULL,User defined functions,<blank>,162974011515469823,utf8_bin,NULL,0
MyISAM,0,10,NULL,36,BASE TABLE,NULL,2010-03-17 10:09:41,20916,2010-03-17 10:09:41,3072,mysql,Fixed,help_category,NULL,help categories,<blank>,163536961468891135,utf8_general_ci,NULL,581
MyISAM,0,10,NULL,401,BASE TABLE,NULL,2010-03-17 10:09:41,78997,2010-03-17 10:09:41,14336,mysql,Fixed,help_keyword,NULL,help keywords,<blank>,55450570411999231,utf8_general_ci,NULL,197
MyISAM,0,10,NULL,825,BASE TABLE,NULL,2010-03-17 10:09:41,7425,2010-03-17 10:09:41,16384,mysql,Fixed,help_relation,NULL,keyword-topic relation,<blank>,2533274790395903,utf8_general_ci,NULL,9
MyISAM,0,10,NULL,475,BASE TABLE,NULL,2010-03-17 10:09:40,347064,2010-03-17 10:09:41,17408,mysql,Dynamic,help_topic,NULL,help topics,<blank>,281474976710655,utf8_general_ci,NULL,730
MyISAM,0,10,NULL,0,BASE TABLE,NULL,2010-03-17 11:32:48,0,2010-03-17 11:32:48,1024,mysql,Fixed,host,NULL,Host privileges;  Merged with database privileges,<blank>,109775240917155839,utf8_bin,NULL,0
MyISAM,0,10,2012-05-14 02:03:27,3,BASE TABLE,NULL,2010-03-17 11:32:49,884,2025-10-29 12:27:29,3072,mysql,Dynamic,proc,NULL,Stored Procedures,<blank>,281474976710655,utf8_general_ci,NULL,294
MyISAM,0,10,2010-03-17 11:32:48,0,BASE TABLE,NULL,2010-03-17 11:32:48,0,2010-03-17 11:32:48,1024,mysql,Fixed,procs_priv,NULL,Procedure privileges,<blank>,239253730204057599,utf8_bin,NULL,0
MyISAM,0,10,2010-03-17 11:32:48,0,BASE TABLE,NULL,2010-03-17 11:32:48,0,2010-03-17 11:32:48,1024,mysql,Fixed,tables_priv,NULL,Table privileges,<blank>,239535205180768255,utf8_bin,NULL,0
MyISAM,0,10,NULL,0,BASE TABLE,NULL,2010-03-17 10:09:41,0,2010-03-17 10:09:41,1024,mysql,Fixed,time_zone,NULL,Time zones,<blank>,1970324836974591,utf8_general_ci,1,0
MyISAM,0,10,NULL,0,BASE TABLE,NULL,2010-03-17 10:09:41,0,2010-03-17 10:09:41,1024,mysql,Fixed,time_zone_leap_second,NULL,Leap seconds information for time zones,<blank>,3659174697238527,utf8_general_ci,NULL,0
MyISAM,0,10,NULL,0,BASE TABLE,NULL,2010-03-17 10:09:41,0,2010-03-17 10:09:41,1024,mysql,Fixed,time_zone_name,NULL,Time zone names,<blank>,55450570411999231,utf8_general_ci,NULL,0
MyISAM,0,10,NULL,0,BASE TABLE,NULL,2010-03-17 10:09:41,0,2010-03-17 10:09:41,1024,mysql,Fixed,time_zone_transition,NULL,Time zone transitions,<blank>,4785074604081151,utf8_general_ci,NULL,0
MyISAM,0,10,NULL,0,BASE TABLE,NULL,2010-03-17 10:09:41,0,2010-03-17 10:09:41,1024,mysql,Fixed,time_zone_transition_type,NULL,Time zone transition types,<blank>,10696049115004927,utf8_general_ci,NULL,0
MyISAM,368,10,2012-05-14 02:03:27,3,BASE TABLE,NULL,2010-03-17 11:32:48,548,2012-05-14 02:01:14,2048,mysql,Dynamic,user,NULL,Users and global privileges,<blank>,281474976710655,utf8_bin,NULL,60
MyISAM,0,10,NULL,16,BASE TABLE,NULL,2025-10-29 12:27:29,788,2025-10-29 12:27:29,2048,owasp10,Dynamic,accounts,NULL,<blank>,<blank>,281474976710655,latin1_swedish_ci,17,49
MyISAM,0,10,NULL,12,BASE TABLE,NULL,2025-10-29 12:27:29,784,2025-10-29 12:27:29,2048,owasp10,Dynamic,blogs_table,NULL,<blank>,<blank>,281474976710655,latin1_swedish_ci,13,65
MyISAM,0,10,NULL,0,BASE TABLE,NULL,2025-10-29 12:27:29,0,2025-10-29 12:27:29,1024,owasp10,Dynamic,captured_data,NULL,<blank>,<blank>,281474976710655,latin1_swedish_ci,1,0
MyISAM,0,10,NULL,5,BASE TABLE,NULL,2025-10-29 12:27:29,180,2025-10-29 12:27:29,2048,owasp10,Dynamic,credit_cards,NULL,<blank>,<blank>,281474976710655,latin1_swedish_ci,6,36
MyISAM,0,10,NULL,0,BASE TABLE,NULL,2025-10-29 12:27:29,0,2025-10-29 12:27:29,1024,owasp10,Dynamic,hitlog,NULL,<blank>,<blank>,281474976710655,latin1_swedish_ci,1,0
MyISAM,0,10,NULL,20,BASE TABLE,NULL,2025-10-29 12:27:29,4180,2025-10-29 12:27:29,2048,owasp10,Dynamic,pen_test_tools,NULL,<blank>,<blank>,281474976710655,latin1_swedish_ci,21,209
MyISAM,0,10,NULL,0,BASE TABLE,NULL,2010-04-16 02:37:24,0,2010-04-16 02:37:24,1024,tikiwiki,Dynamic,galaxia_activities,NULL,<blank>,<blank>,281474976710655,latin1_swedish_ci,1,0
MyISAM,0,10,NULL,0,BASE TABLE,NULL,2010-04-16 02:37:24,0,2010-04-16 02:37:24,1024,tikiwiki,Fixed,galaxia_activity_roles,NULL,<blank>,<blank>,2533274790395903,latin1_swedish_ci,NULL,0
MyISAM,0,10,NULL,0,BASE TABLE,NULL,2010-04-16 02:37:24,0,2010-04-16 02:37:24,1024,tikiwiki,Dynamic,galaxia_instance_activities,NULL,<blank>,<blank>,281474976710655,latin1_swedish_ci,NULL,0
MyISAM,0,10,NULL,0,BASE TABLE,NULL,2010-04-16 02:37:24,0,2010-04-16 02:37:24,1024,tikiwiki,Dynamic,galaxia_instance_comments,NULL,<blank>,<blank>,281474976710655,latin1_swedish_ci,1,0
MyISAM,0,10,NULL,0,BASE TABLE,NULL,2010-04-16 02:37:24,0,2010-04-16 02:37:24,1024,tikiwiki,Dynamic,galaxia_instances,NULL,<blank>,<blank>,281474976710655,latin1_swedish_ci,1,0
MyISAM,0,10,NULL,0,BASE TABLE,NULL,2010-04-16 02:37:24,0,2010-04-16 02:37:24,1024,tikiwiki,Dynamic,galaxia_processes,NULL,<blank>,<blank>,281474976710655,latin1_swedish_ci,1,0
MyISAM,0,10,NULL,0,BASE TABLE,NULL,2010-04-16 02:37:24,0,2010-04-16 02:37:24,1024,tikiwiki,Dynamic,galaxia_roles,NULL,<blank>,<blank>,281474976710655,latin1_swedish_ci,1,0
MyISAM,0,10,NULL,0,BASE TABLE,NULL,2010-04-16 02:37:24,0,2010-04-16 02:37:24,1024,tikiwiki,Fixed,galaxia_transitions,NULL,<blank>,<blank>,3659174697238527,latin1_swedish_ci,NULL,0
MyISAM,0,10,NULL,0,BASE TABLE,NULL,2010-04-16 02:37:24,0,2010-04-16 02:37:24,1024,tikiwiki,Dynamic,galaxia_user_roles,NULL,<blank>,<blank>,281474976710655,latin1_swedish_ci,1,0
MyISAM,0,10,NULL,0,BASE TABLE,NULL,2010-04-16 02:37:24,0,2010-04-16 02:37:24,1024,tikiwiki,Dynamic,galaxia_workitems,NULL,<blank>,<blank>,281474976710655,latin1_swedish_ci,1,0
MyISAM,0,10,NULL,0,BASE TABLE,NULL,2010-04-16 02:37:24,0,2010-04-16 02:37:24,1024,tikiwiki,Dynamic,messu_archive,NULL,<blank>,<blank>,281474976710655,latin1_swedish_ci,1,0
MyISAM,0,10,NULL,0,BASE TABLE,NULL,2010-04-16 02:37:24,0,2010-04-16 02:37:24,1024,tikiwiki,Dynamic,messu_messages,NULL,<blank>,<blank>,281474976710655,latin1_swedish_ci,1,0
MyISAM,0,10,NULL,0,BASE TABLE,NULL,2010-04-16 02:37:24,0,2010-04-16 02:37:24,1024,tikiwiki,Dynamic,messu_sent,NULL,<blank>,<blank>,281474976710655,latin1_swedish_ci,1,0
MyISAM,0,10,NULL,0,BASE TABLE,NULL,2010-04-16 02:37:24,0,2010-04-16 02:37:24,1024,tikiwiki,Dynamic,sessions,NULL,<blank>,<blank>,281474976710655,latin1_swedish_ci,NULL,0
MyISAM,0,10,NULL,1,BASE TABLE,NULL,2010-04-16 02:37:24,60,2010-04-16 02:38:08,1024,tikiwiki,Dynamic,tiki_actionlog,NULL,<blank>,<blank>,281474976710655,latin1_swedish_ci,NULL,60
MyISAM,0,10,NULL,4,BASE TABLE,NULL,2010-04-16 02:37:24,164,2010-04-16 02:37:24,4096,tikiwiki,Dynamic,tiki_article_types,NULL,<blank>,<blank>,281474976710655,latin1_swedish_ci,NULL,41
MyISAM,0,10,NULL,0,BASE TABLE,NULL,2010-04-16 02:37:24,0,2010-04-16 02:37:24,2048,tikiwiki,Dynamic,tiki_articles,NULL,<blank>,<blank>,281474976710655,latin1_swedish_ci,1,0
MyISAM,0,10,NULL,0,BASE TABLE,NULL,2010-04-16 02:37:24,0,2010-04-16 02:37:24,1024,tikiwiki,Dynamic,tiki_banners,NULL,<blank>,<blank>,281474976710655,latin1_swedish_ci,1,0
MyISAM,0,10,NULL,0,BASE TABLE,NULL,2010-04-16 02:37:24,0,2010-04-16 02:37:24,1024,tikiwiki,Dynamic,tiki_banning,NULL,<blank>,<blank>,281474976710655,latin1_swedish_ci,1,0
MyISAM,0,10,NULL,0,BASE TABLE,NULL,2010-04-16 02:37:24,0,2010-04-16 02:37:24,1024,tikiwiki,Dynamic,tiki_banning_sections,NULL,<blank>,<blank>,281474976710655,latin1_swedish_ci,NULL,0
MyISAM,0,10,NULL,0,BASE TABLE,NULL,2010-04-16 02:37:24,0,2010-04-16 02:37:24,1024,tikiwiki,Fixed,tiki_blog_activity,NULL,<blank>,<blank>,3659174697238527,latin1_swedish_ci,NULL,0
MyISAM,0,10,NULL,0,BASE TABLE,NULL,2010-04-16 02:37:24,0,2010-04-16 02:37:24,1024,tikiwiki,Dynamic,tiki_blog_posts,NULL,<blank>,<blank>,281474976710655,latin1_swedish_ci,1,0
MyISAM,0,10,NULL,0,BASE TABLE,NULL,2010-04-16 02:37:24,0,2010-04-16 02:37:24,1024,tikiwiki,Dynamic,tiki_blog_posts_images,NULL,<blank>,<blank>,281474976710655,latin1_swedish_ci,1,0
MyISAM,0,10,NULL,0,BASE TABLE,NULL,2010-04-16 02:37:24,0,2010-04-16 02:37:24,1024,tikiwiki,Dynamic,tiki_blogs,NULL,<blank>,<blank>,281474976710655,latin1_swedish_ci,1,0
MyISAM,0,10,NULL,0,BASE TABLE,NULL,2010-04-16 02:37:24,0,2010-04-16 02:37:24,1024,tikiwiki,Dynamic,tiki_calendar_categories,NULL,<blank>,<blank>,281474976710655,latin1_swedish_ci,1,0
MyISAM,0,10,NULL,0,BASE TABLE,NULL,2010-04-16 02:37:24,0,2010-04-16 02:37:24,1024,tikiwiki,Dynamic,tiki_calendar_items,NULL,<blank>,<blank>,281474976710655,latin1_swedish_ci,1,0
MyISAM,0,10,NULL,0,BASE TABLE,NULL,2010-04-16 02:37:24,0,2010-04-16 02:37:24,1024,tikiwiki,Dynamic,tiki_calendar_locations,NULL,<blank>,<blank>,281474976710655,latin1_swedish_ci,1,0
MyISAM,0,10,NULL,0,BASE TABLE,NULL,2010-04-16 02:37:24,0,2010-04-16 02:37:24,1024,tikiwiki,Dynamic,tiki_calendar_roles,NULL,<blank>,<blank>,281474976710655,latin1_swedish_ci,NULL,0
MyISAM,0,10,NULL,0,BASE TABLE,NULL,2010-04-16 02:37:24,0,2010-04-16 02:37:24,1024,tikiwiki,Dynamic,tiki_calendars,NULL,<blank>,<blank>,281474976710655,latin1_swedish_ci,1,0
MyISAM,0,10,NULL,0,BASE TABLE,NULL,2010-04-16 02:37:24,0,2010-04-16 02:37:24,1024,tikiwiki,Dynamic,tiki_categories,NULL,<blank>,<blank>,281474976710655,latin1_swedish_ci,1,0
MyISAM,0,10,NULL,0,BASE TABLE,NULL,2010-04-16 02:37:24,0,2010-04-16 02:37:24,1024,tikiwiki,Dynamic,tiki_categorized_objects,NULL,<blank>,<blank>,281474976710655,latin1_swedish_ci,1,0
MyISAM,0,10,NULL,0,BASE TABLE,NULL,2010-04-16 02:37:24,0,2010-04-16 02:37:24,1024,tikiwiki,Fixed,tiki_category_objects,NULL,<blank>,<blank>,2533274790395903,latin1_swedish_ci,NULL,0
MyISAM,0,10,NULL,0,BASE TABLE,NULL,2010-04-16 02:37:24,0,2010-04-16 02:37:24,1024,tikiwiki,Fixed,tiki_category_sites,NULL,<blank>,<blank>,2533274790395903,latin1_swedish_ci,NULL,0
MyISAM,0,10,NULL,0,BASE TABLE,NULL,2010-04-16 02:37:24,0,2010-04-16 02:37:24,1024,tikiwiki,Dynamic,tiki_chart_items,NULL,<blank>,<blank>,281474976710655,latin1_swedish_ci,1,0
MyISAM,0,10,NULL,0,BASE TABLE,NULL,2010-04-16 02:37:24,0,2010-04-16 02:37:24,1024,tikiwiki,Dynamic,tiki_charts,NULL,<blank>,<blank>,281474976710655,latin1_swedish_ci,1,0
MyISAM,0,10,NULL,0,BASE TABLE,NULL,2010-04-16 02:37:25,0,2010-04-16 02:37:25,1024,tikiwiki,Fixed,tiki_charts_rankings,NULL,<blank>,<blank>,8725724278030335,latin1_swedish_ci,NULL,0
MyISAM,0,10,NULL,0,BASE TABLE,NULL,2010-04-16 02:37:25,0,2010-04-16 02:37:25,1024,tikiwiki,Dynamic,tiki_charts_votes,NULL,<blank>,<blank>,281474976710655,latin1_swedish_ci,NULL,0
MyISAM,0,10,NULL,0,BASE TABLE,NULL,2010-04-16 02:37:25,0,2010-04-16 02:37:25,1024,tikiwiki,Dynamic,tiki_chat_channels,NULL,<blank>,<blank>,281474976710655,latin1_swedish_ci,1,0
MyISAM,0,10,NULL,0,BASE TABLE,NULL,2010-04-16 02:37:25,0,2010-04-16 02:37:25,1024,tikiwiki,Dynamic,tiki_chat_messages,NULL,<blank>,<blank>,281474976710655,latin1_swedish_ci,1,0
MyISAM,0,10,NULL,0,BASE TABLE,NULL,2010-04-16 02:37:25,0,2010-04-16 02:37:25,1024,tikiwiki,Dynamic,tiki_chat_users,NULL,<blank>,<blank>,281474976710655,latin1_swedish_ci,NULL,0
MyISAM,0,10,NULL,0,BASE TABLE,NULL,2010-04-16 02:37:25,0,2010-04-16 02:37:25,1024,tikiwiki,Dynamic,tiki_comments,NULL,<blank>,<blank>,281474976710655,latin1_swedish_ci,1,0
MyISAM,0,10,NULL,0,BASE TABLE,NULL,2010-04-16 02:37:25,0,2010-04-16 02:37:25,1024,tikiwiki,Dynamic,tiki_content,NULL,<blank>,<blank>,281474976710655,latin1_swedish_ci,1,0
MyISAM,0,10,NULL,0,BASE TABLE,NULL,2010-04-16 02:37:25,0,2010-04-16 02:37:25,1024,tikiwiki,Dynamic,tiki_content_templates,NULL,<blank>,<blank>,281474976710655,latin1_swedish_ci,1,0
MyISAM,0,10,NULL,0,BASE TABLE,NULL,2010-04-16 02:37:25,0,2010-04-16 02:37:25,1024,tikiwiki,Dynamic,tiki_content_templates_sections,NULL,<blank>,<blank>,281474976710655,latin1_swedish_ci,NULL,0
MyISAM,0,10,NULL,0,BASE TABLE,NULL,2010-04-16 02:37:25,0,2010-04-16 02:37:25,1024,tikiwiki,Dynamic,tiki_cookies,NULL,<blank>,<blank>,281474976710655,latin1_swedish_ci,1,0
MyISAM,0,10,NULL,0,BASE TABLE,NULL,2010-04-16 02:37:25,0,2010-04-16 02:37:25,1024,tikiwiki,Dynamic,tiki_copyrights,NULL,<blank>,<blank>,281474976710655,latin1_swedish_ci,1,0
MyISAM,0,10,NULL,0,BASE TABLE,NULL,2010-04-16 02:37:25,0,2010-04-16 02:37:25,1024,tikiwiki,Dynamic,tiki_directory_categories,NULL,<blank>,<blank>,281474976710655,latin1_swedish_ci,1,0
MyISAM,0,10,NULL,0,BASE TABLE,NULL,2010-04-16 02:37:25,0,2010-04-16 02:37:25,1024,tikiwiki,Dynamic,tiki_directory_search,NULL,<blank>,<blank>,281474976710655,latin1_swedish_ci,NULL,0
MyISAM,0,10,NULL,0,BASE TABLE,NULL,2010-04-16 02:37:25,0,2010-04-16 02:37:25,1024,tikiwiki,Dynamic,tiki_directory_sites,NULL,<blank>,<blank>,281474976710655,latin1_swedish_ci,1,0
MyISAM,0,10,NULL,0,BASE TABLE,NULL,2010-04-16 02:37:25,0,2010-04-16 02:37:25,1024,tikiwiki,Dynamic,tiki_download,NULL,<blank>,<blank>,281474976710655,latin1_swedish_ci,1,0
MyISAM,0,10,NULL,0,BASE TABLE,NULL,2010-04-16 02:37:25,0,2010-04-16 02:37:25,1024,tikiwiki,Dynamic,tiki_drawings,NULL,<blank>,<blank>,281474976710655,latin1_swedish_ci,1,0
MyISAM,0,10,NULL,0,BASE TABLE,NULL,2010-04-16 02:37:25,0,2010-04-16 02:37:25,1024,tikiwiki,Dynamic,tiki_dsn,NULL,<blank>,<blank>,281474976710655,latin1_swedish_ci,1,0
MyISAM,0,10,NULL,0,BASE TABLE,NULL,2010-04-16 02:37:25,0,2010-04-16 02:37:25,1024,tikiwiki,Dynamic,tiki_dynamic_variables,NULL,<blank>,<blank>,281474976710655,latin1_swedish_ci,NULL,0
MyISAM,0,10,NULL,0,BASE TABLE,NULL,2010-04-16 02:37:25,0,2010-04-16 02:37:25,1024,tikiwiki,Dynamic,tiki_eph,NULL,<blank>,<blank>,281474976710655,latin1_swedish_ci,1,0
MyISAM,0,10,NULL,0,BASE TABLE,NULL,2010-04-16 02:37:25,0,2010-04-16 02:37:25,1024,tikiwiki,Dynamic,tiki_extwiki,NULL,<blank>,<blank>,281474976710655,latin1_swedish_ci,1,0
MyISAM,0,10,NULL,0,BASE TABLE,NULL,2010-04-16 02:37:25,0,2010-04-16 02:37:25,1024,tikiwiki,Dynamic,tiki_faq_questions,NULL,<blank>,<blank>,281474976710655,latin1_swedish_ci,1,0
MyISAM,0,10,NULL,0,BASE TABLE,NULL,2010-04-16 02:37:25,0,2010-04-16 02:37:25,1024,tikiwiki,Dynamic,tiki_faqs,NULL,<blank>,<blank>,281474976710655,latin1_swedish_ci,1,0
MyISAM,0,10,NULL,0,BASE TABLE,NULL,2010-04-16 02:37:25,0,2010-04-16 02:37:25,1024,tikiwiki,Dynamic,tiki_featured_links,NULL,<blank>,<blank>,281474976710655,latin1_swedish_ci,NULL,0
MyISAM,0,10,NULL,0,BASE TABLE,NULL,2010-04-16 02:37:25,0,2010-04-16 02:37:25,1024,tikiwiki,Dynamic,tiki_file_galleries,NULL,<blank>,<blank>,281474976710655,latin1_swedish_ci,1,0
MyISAM,0,10,NULL,0,BASE TABLE,NULL,2010-04-16 02:37:25,0,2010-04-16 02:37:25,1024,tikiwiki,Dynamic,tiki_file_handlers,NULL,<blank>,<blank>,281474976710655,latin1_swedish_ci,NULL,0
MyISAM,0,10,NULL,0,BASE TABLE,NULL,2010-04-16 02:37:25,0,2010-04-16 02:37:25,1024,tikiwiki,Dynamic,tiki_files,NULL,<blank>,<blank>,281474976710655,latin1_swedish_ci,1,0
MyISAM,0,10,NULL,0,BASE TABLE,NULL,2010-04-16 02:37:25,0,2010-04-16 02:37:25,1024,tikiwiki,Dynamic,tiki_forum_attachments,NULL,<blank>,<blank>,281474976710655,latin1_swedish_ci,1,0
MyISAM,0,10,NULL,0,BASE TABLE,NULL,2010-04-16 02:37:25,0,2010-04-16 02:37:25,1024,tikiwiki,Dynamic,tiki_forum_reads,NULL,<blank>,<blank>,281474976710655,latin1_swedish_ci,NULL,0
MyISAM,0,10,NULL,0,BASE TABLE,NULL,2010-04-16 02:37:25,0,2010-04-16 02:37:25,1024,tikiwiki,Dynamic,tiki_forums,NULL,<blank>,<blank>,281474976710655,latin1_swedish_ci,1,0
MyISAM,0,10,NULL,0,BASE TABLE,NULL,2010-04-16 02:37:25,0,2010-04-16 02:37:25,1024,tikiwiki,Dynamic,tiki_forums_queue,NULL,<blank>,<blank>,281474976710655,latin1_swedish_ci,1,0
MyISAM,0,10,NULL,0,BASE TABLE,NULL,2010-04-16 02:37:25,0,2010-04-16 02:37:25,1024,tikiwiki,Dynamic,tiki_forums_reported,NULL,<blank>,<blank>,281474976710655,latin1_swedish_ci,NULL,0
MyISAM,0,10,NULL,0,BASE TABLE,NULL,2010-04-16 02:37:25,0,2010-04-16 02:37:25,1024,tikiwiki,Fixed,tiki_friends,NULL,<blank>,<blank>,22799473113563135,latin1_swedish_ci,NULL,0
MyISAM,0,10,NULL,0,BASE TABLE,NULL,2010-04-16 02:37:25,0,2010-04-16 02:37:25,1024,tikiwiki,Fixed,tiki_friendship_requests,NULL,<blank>,<blank>,23925373020405759,latin1_swedish_ci,NULL,0
MyISAM,0,10,NULL,0,BASE TABLE,NULL,2010-04-16 02:37:25,0,2010-04-16 02:37:25,1024,tikiwiki,Dynamic,tiki_galleries,NULL,<blank>,<blank>,281474976710655,latin1_swedish_ci,1,0
MyISAM,0,10,NULL,0,BASE TABLE,NULL,2010-04-16 02:37:25,0,2010-04-16 02:37:25,1024,tikiwiki,Fixed,tiki_galleries_scales,NULL,<blank>,<blank>,2533274790395903,latin1_swedish_ci,NULL,0
MyISAM,0,10,NULL,0,BASE TABLE,NULL,2010-04-16 02:37:25,0,2010-04-16 02:37:25,1024,tikiwiki,Dynamic,tiki_games,NULL,<blank>,<blank>,281474976710655,latin1_swedish_ci,NULL,0
MyISAM,0,10,NULL,0,BASE TABLE,NULL,2010-04-16 02:37:25,0,2010-04-16 02:37:25,1024,tikiwiki,Dynamic,tiki_group_inclusion,NULL,<blank>,<blank>,281474976710655,latin1_swedish_ci,NULL,0
MyISAM,0,10,NULL,0,BASE TABLE,NULL,2010-04-16 02:37:25,0,2010-04-16 02:37:25,1024,tikiwiki,Dynamic,tiki_history,NULL,<blank>,<blank>,281474976710655,latin1_swedish_ci,NULL,0
MyISAM,0,10,NULL,0,BASE TABLE,NULL,2010-04-16 02:37:25,0,2010-04-16 02:37:25,1024,tikiwiki,Dynamic,tiki_hotwords,NULL,<blank>,<blank>,281474976710655,latin1_swedish_ci,NULL,0
MyISAM,0,10,NULL,0,BASE TABLE,NULL,2010-04-16 02:37:25,0,2010-04-16 02:37:25,1024,tikiwiki,Dynamic,tiki_html_pages,NULL,<blank>,<blank>,281474976710655,latin1_swedish_ci,NULL,0
MyISAM,0,10,NULL,0,BASE TABLE,NULL,2010-04-16 02:37:25,0,2010-04-16 02:37:25,1024,tikiwiki,Dynamic,tiki_html_pages_dynamic_zones,NULL,<blank>,<blank>,281474976710655,latin1_swedish_ci,NULL,0
MyISAM,0,10,NULL,0,BASE TABLE,NULL,2010-04-16 02:37:25,0,2010-04-16 02:37:25,1024,tikiwiki,Dynamic,tiki_images,NULL,<blank>,<blank>,281474976710655,latin1_swedish_ci,1,0
MyISAM,0,10,NULL,0,BASE TABLE,NULL,2010-04-16 02:37:25,0,2010-04-16 02:37:25,1024,tikiwiki,Dynamic,tiki_images_data,NULL,<blank>,<blank>,281474976710655,latin1_swedish_ci,NULL,0
MyISAM,0,10,NULL,1,BASE TABLE,NULL,2010-04-16 02:37:25,232,2010-04-16 02:37:25,2048,tikiwiki,Dynamic,tiki_integrator_reps,NULL,<blank>,<blank>,281474976710655,latin1_swedish_ci,2,232
MyISAM,0,10,NULL,3,BASE TABLE,NULL,2010-04-16 02:37:25,344,2010-04-16 02:37:25,3072,tikiwiki,Dynamic,tiki_integrator_rules,NULL,<blank>,<blank>,281474976710655,latin1_swedish_ci,4,114
MyISAM,0,10,NULL,0,BASE TABLE,NULL,2010-04-16 02:37:25,0,2010-04-16 02:37:25,1024,tikiwiki,Dynamic,tiki_language,NULL,<blank>,<blank>,281474976710655,latin1_swedish_ci,NULL,0
MyISAM,0,10,NULL,1,BASE TABLE,NULL,2010-04-16 02:37:25,20,2010-04-16 02:37:25,2048,tikiwiki,Dynamic,tiki_languages,NULL,<blank>,<blank>,281474976710655,latin1_swedish_ci,NULL,20
MyISAM,0,10,NULL,0,BASE TABLE,NULL,2010-04-16 02:37:25,0,2010-04-16 02:37:25,1024,tikiwiki,Dynamic,tiki_link_cache,NULL,<blank>,<blank>,281474976710655,latin1_swedish_ci,1,0
MyISAM,0,10,NULL,0,BASE TABLE,NULL,2010-04-16 02:37:25,0,2010-04-16 02:37:25,1024,tikiwiki,Dynamic,tiki_links,NULL,<blank>,<blank>,281474976710655,latin1_swedish_ci,NULL,0
MyISAM,0,10,NULL,0,BASE TABLE,NULL,2010-04-16 02:37:25,0,2010-04-16 02:37:25,1024,tikiwiki,Dynamic,tiki_live_support_events,NULL,<blank>,<blank>,281474976710655,latin1_swedish_ci,1,0
MyISAM,0,10,NULL,0,BASE TABLE,NULL,2010-04-16 02:37:25,0,2010-04-16 02:37:25,1024,tikiwiki,Dynamic,tiki_live_support_message_comments,NULL,<blank>,<blank>,281474976710655,latin1_swedish_ci,1,0
MyISAM,0,10,NULL,0,BASE TABLE,NULL,2010-04-16 02:37:25,0,2010-04-16 02:37:25,1024,tikiwiki,Dynamic,tiki_live_support_messages,NULL,<blank>,<blank>,281474976710655,latin1_swedish_ci,1,0
MyISAM,0,10,NULL,7,BASE TABLE,NULL,2010-04-16 02:37:25,152,2010-04-16 02:37:25,2048,tikiwiki,Dynamic,tiki_live_support_modules,NULL,<blank>,<blank>,281474976710655,latin1_swedish_ci,8,21
MyISAM,0,10,NULL,0,BASE TABLE,NULL,2010-04-16 02:37:25,0,2010-04-16 02:37:25,1024,tikiwiki,Dynamic,tiki_live_support_operators,NULL,<blank>,<blank>,281474976710655,latin1_swedish_ci,NULL,0
MyISAM,0,10,NULL,0,BASE TABLE,NULL,2010-04-16 02:37:25,0,2010-04-16 02:37:25,1024,tikiwiki,Dynamic,tiki_live_support_requests,NULL,<blank>,<blank>,281474976710655,latin1_swedish_ci,NULL,0
MyISAM,0,10,NULL,0,BASE TABLE,NULL,2010-04-16 02:37:25,0,2010-04-16 02:37:25,1024,tikiwiki,Dynamic,tiki_logs,NULL,<blank>,<blank>,281474976710655,latin1_swedish_ci,1,0
MyISAM,0,10,NULL,0,BASE TABLE,NULL,2010-04-16 02:37:25,0,2010-04-16 02:37:25,1024,tikiwiki,Dynamic,tiki_mail_events,NULL,<blank>,<blank>,281474976710655,latin1_swedish_ci,NULL,0
MyISAM,0,10,NULL,0,BASE TABLE,NULL,2010-04-16 02:37:25,0,2010-04-16 02:37:25,1024,tikiwiki,Dynamic,tiki_mailin_accounts,NULL,<blank>,<blank>,281474976710655,latin1_swedish_ci,1,0
MyISAM,0,10,NULL,0,BASE TABLE,NULL,2010-04-16 02:37:25,0,2010-04-16 02:37:25,1024,tikiwiki,Fixed,tiki_menu_languages,NULL,<blank>,<blank>,5910974510923775,latin1_swedish_ci,1,0
MyISAM,0,10,NULL,164,BASE TABLE,NULL,2010-04-16 02:37:25,14844,2010-04-16 02:37:25,4096,tikiwiki,Dynamic,tiki_menu_options,NULL,<blank>,<blank>,281474976710655,latin1_swedish_ci,165,90
MyISAM,0,10,NULL,1,BASE TABLE,NULL,2010-04-16 02:37:25,60,2010-04-16 02:37:25,2048,tikiwiki,Dynamic,tiki_menus,NULL,<blank>,<blank>,281474976710655,latin1_swedish_ci,43,60
MyISAM,0,10,NULL,0,BASE TABLE,NULL,2010-04-16 02:37:25,0,2010-04-16 02:37:25,1024,tikiwiki,Dynamic,tiki_minical_events,NULL,<blank>,<blank>,281474976710655,latin1_swedish_ci,1,0
MyISAM,0,10,NULL,0,BASE TABLE,NULL,2010-04-16 02:37:25,0,2010-04-16 02:37:25,1024,tikiwiki,Dynamic,tiki_minical_topics,NULL,<blank>,<blank>,281474976710655,latin1_swedish_ci,1,0
MyISAM,0,10,NULL,5,BASE TABLE,NULL,2010-04-16 02:37:25,332,2010-04-16 02:37:25,3072,tikiwiki,Dynamic,tiki_modules,NULL,<blank>,<blank>,281474976710655,latin1_swedish_ci,NULL,66
MyISAM,0,10,NULL,0,BASE TABLE,NULL,2010-04-16 02:37:25,0,2010-04-16 02:37:25,1024,tikiwiki,Dynamic,tiki_newsletter_groups,NULL,<blank>,<blank>,281474976710655,latin1_swedish_ci,NULL,0
MyISAM,0,10,NULL,0,BASE TABLE,NULL,2010-04-16 02:37:25,0,2010-04-16 02:37:25,1024,tikiwiki,Dynamic,tiki_newsletter_subscriptions,NULL,<blank>,<blank>,281474976710655,latin1_swedish_ci,NULL,0
MyISAM,0,10,NULL,0,BASE TABLE,NULL,2010-04-16 02:37:25,0,2010-04-16 02:37:25,1024,tikiwiki,Dynamic,tiki_newsletters,NULL,<blank>,<blank>,281474976710655,latin1_swedish_ci,1,0
MyISAM,0,10,NULL,0,BASE TABLE,NULL,2010-04-16 02:37:25,0,2010-04-16 02:37:25,1024,tikiwiki,Dynamic,tiki_newsreader_marks,NULL,<blank>,<blank>,281474976710655,latin1_swedish_ci,NULL,0
MyISAM,0,10,NULL,0,BASE TABLE,NULL,2010-04-16 02:37:25,0,2010-04-16 02:37:25,1024,tikiwiki,Dynamic,tiki_newsreader_servers,NULL,<blank>,<blank>,281474976710655,latin1_swedish_ci,1,0
MyISAM,0,10,NULL,0,BASE TABLE,NULL,2010-04-16 02:37:24,0,2010-04-16 02:37:24,1024,tikiwiki,Fixed,tiki_object_ratings,NULL,<blank>,<blank>,2533274790395903,latin1_swedish_ci,NULL,0
MyISAM,0,10,NULL,0,BASE TABLE,NULL,2010-04-16 02:37:25,0,2010-04-16 02:37:25,1024,tikiwiki,Dynamic,tiki_page_footnotes,NULL,<blank>,<blank>,281474976710655,latin1_swedish_ci,NULL,0
MyISAM,0,10,2010-04-27 17:05:22,1,BASE TABLE,NULL,2010-04-16 02:37:25,84,2010-04-19 20:08:25,7168,tikiwiki,Dynamic,tiki_pages,NULL,<blank>,<blank>,281474976710655,latin1_swedish_ci,2,84
MyISAM,0,10,NULL,0,BASE TABLE,NULL,2010-04-16 02:37:25,0,2010-04-16 02:37:25,1024,tikiwiki,Fixed,tiki_pageviews,NULL,<blank>,<blank>,2533274790395903,latin1_swedish_ci,NULL,0
MyISAM,0,10,NULL,0,BASE TABLE,NULL,2010-04-16 02:37:25,0,2010-04-16 02:37:25,1024,tikiwiki,Dynamic,tiki_poll_objects,NULL,<blank>,<blank>,281474976710655,latin1_swedish_ci,NULL,0
MyISAM,0,10,NULL,0,BASE TABLE,NULL,2010-04-16 02:37:25,0,2010-04-16 02:37:25,1024,tikiwiki,Dynamic,tiki_poll_options,NULL,<blank>,<blank>,281474976710655,latin1_swedish_ci,1,0
MyISAM,0,10,NULL,0,BASE TABLE,NULL,2010-04-16 02:37:25,0,2010-04-16 02:37:25,1024,tikiwiki,Dynamic,tiki_polls,NULL,<blank>,<blank>,281474976710655,latin1_swedish_ci,1,0
MyISAM,0,10,NULL,404,BASE TABLE,NULL,2010-04-16 02:37:25,11332,2010-04-16 02:38:07,14336,tikiwiki,Dynamic,tiki_preferences,NULL,<blank>,<blank>,281474976710655,latin1_swedish_ci,NULL,28
MyISAM,0,10,NULL,0,BASE TABLE,NULL,2010-04-16 02:37:25,0,2010-04-16 02:37:25,1024,tikiwiki,Dynamic,tiki_private_messages,NULL,<blank>,<blank>,281474976710655,latin1_swedish_ci,1,0
MyISAM,0,10,NULL,0,BASE TABLE,NULL,2010-04-16 02:37:25,0,2010-04-16 02:37:25,1024,tikiwiki,Dynamic,tiki_programmed_content,NULL,<blank>,<blank>,281474976710655,latin1_swedish_ci,1,0
MyISAM,0,10,NULL,34,BASE TABLE,NULL,2010-04-16 02:37:25,3540,2010-04-16 02:37:25,6144,tikiwiki,Dynamic,tiki_quicktags,NULL,<blank>,<blank>,281474976710655,latin1_swedish_ci,35,104
MyISAM,0,10,NULL,0,BASE TABLE,NULL,2010-04-16 02:37:25,0,2010-04-16 02:37:25,1024,tikiwiki,Dynamic,tiki_quiz_question_options,NULL,<blank>,<blank>,281474976710655,latin1_swedish_ci,1,0
MyISAM,0,10,NULL,0,BASE TABLE,NULL,2010-04-16 02:37:25,0,2010-04-16 02:37:25,1024,tikiwiki,Dynamic,tiki_quiz_questions,NULL,<blank>,<blank>,281474976710655,latin1_swedish_ci,1,0
MyISAM,0,10,NULL,0,BASE TABLE,NULL,2010-04-16 02:37:25,0,2010-04-16 02:37:25,1024,tikiwiki,Dynamic,tiki_quiz_results,NULL,<blank>,<blank>,281474976710655,latin1_swedish_ci,1,0
MyISAM,0,10,NULL,0,BASE TABLE,NULL,2010-04-16 02:37:25,0,2010-04-16 02:37:25,1024,tikiwiki,Fixed,tiki_quiz_stats,NULL,<blank>,<blank>,4785074604081151,latin1_swedish_ci,NULL,0
MyISAM,0,10,NULL,0,BASE TABLE,NULL,2010-04-16 02:37:25,0,2010-04-16 02:37:25,1024,tikiwiki,Dynamic,tiki_quiz_stats_sum,NULL,<blank>,<blank>,281474976710655,latin1_swedish_ci,NULL,0
MyISAM,0,10,NULL,0,BASE TABLE,NULL,2010-04-16 02:37:25,0,2010-04-16 02:37:25,1024,tikiwiki,Dynamic,tiki_quizzes,NULL,<blank>,<blank>,281474976710655,latin1_swedish_ci,1,0
MyISAM,0,10,NULL,0,BASE TABLE,NULL,2010-04-16 02:37:25,0,2010-04-16 02:37:25,1024,tikiwiki,Dynamic,tiki_received_articles,NULL,<blank>,<blank>,281474976710655,latin1_swedish_ci,1,0
MyISAM,0,10,NULL,0,BASE TABLE,NULL,2010-04-16 02:37:25,0,2010-04-16 02:37:25,1024,tikiwiki,Dynamic,tiki_received_pages,NULL,<blank>,<blank>,281474976710655,latin1_swedish_ci,1,0
MyISAM,0,10,NULL,0,BASE TABLE,NULL,2010-04-16 02:37:25,0,2010-04-16 02:37:25,1024,tikiwiki,Dynamic,tiki_referer_stats,NULL,<blank>,<blank>,281474976710655,latin1_swedish_ci,NULL,0
MyISAM,0,10,NULL,0,BASE TABLE,NULL,2010-04-16 02:37:25,0,2010-04-16 02:37:25,1024,tikiwiki,Fixed,tiki_related_categories,NULL,<blank>,<blank>,2533274790395903,latin1_swedish_ci,NULL,0
MyISAM,0,10,NULL,0,BASE TABLE,NULL,2010-04-16 02:37:25,0,2010-04-16 02:37:25,1024,tikiwiki,Dynamic,tiki_rss_feeds,NULL,<blank>,<blank>,281474976710655,latin1_swedish_ci,NULL,0
MyISAM,0,10,NULL,0,BASE TABLE,NULL,2010-04-16 02:37:25,0,2010-04-16 02:37:25,1024,tikiwiki,Dynamic,tiki_rss_modules,NULL,<blank>,<blank>,281474976710655,latin1_swedish_ci,1,0
MyISAM,0,10,NULL,30,BASE TABLE,NULL,2010-04-16 02:37:25,732,2010-04-16 02:37:25,2048,tikiwiki,Dynamic,tiki_score,NULL,<blank>,<blank>,281474976710655,latin1_swedish_ci,NULL,24
MyISAM,0,10,NULL,0,BASE TABLE,NULL,2010-04-16 02:37:25,0,2010-04-16 02:37:25,1024,tikiwiki,Dynamic,tiki_search_stats,NULL,<blank>,<blank>,281474976710655,latin1_swedish_ci,NULL,0
MyISAM,0,10,NULL,1,BASE TABLE,NULL,2010-04-16 02:37:25,36,2010-04-16 04:39:02,4096,tikiwiki,Dynamic,tiki_searchindex,NULL,<blank>,<blank>,281474976710655,latin1_swedish_ci,NULL,36
MyISAM,0,10,NULL,0,BASE TABLE,NULL,2010-04-16 02:37:25,0,2010-04-16 02:37:25,1024,tikiwiki,Dynamic,tiki_searchsyllable,NULL,<blank>,<blank>,281474976710655,latin1_swedish_ci,NULL,0
MyISAM,0,10,NULL,0,BASE TABLE,NULL,2010-04-16 02:37:25,0,2010-04-16 02:37:25,1024,tikiwiki,Dynamic,tiki_searchwords,NULL,<blank>,<blank>,281474976710655,latin1_swedish_ci,NULL,0
MyISAM,0,10,NULL,0,BASE TABLE,NULL,2010-04-16 02:37:25,0,2010-04-16 02:37:25,1024,tikiwiki,Dynamic,tiki_secdb,NULL,<blank>,<blank>,281474976710655,latin1_swedish_ci,NULL,0
MyISAM,0,10,NULL,0,BASE TABLE,NULL,2010-04-16 02:37:25,0,2010-04-16 02:37:25,1024,tikiwiki,Dynamic,tiki_semaphores,NULL,<blank>,<blank>,281474976710655,latin1_swedish_ci,NULL,0
MyISAM,0,10,NULL,0,BASE TABLE,NULL,2010-04-16 02:37:25,0,2010-04-16 02:37:25,1024,tikiwiki,Dynamic,tiki_sent_newsletters,NULL,<blank>,<blank>,281474976710655,latin1_swedish_ci,1,0
MyISAM,0,10,2010-04-27 17:05:22,0,BASE TABLE,NULL,2010-04-16 02:37:25,0,2010-04-28 03:47:27,1024,tikiwiki,Dynamic,tiki_sessions,NULL,<blank>,<blank>,281474976710655,latin1_swedish_ci,NULL,0
MyISAM,0,10,NULL,0,BASE TABLE,NULL,2010-04-16 02:37:25,0,2010-04-16 02:37:25,1024,tikiwiki,Dynamic,tiki_sheet_layout,NULL,<blank>,<blank>,281474976710655,latin1_swedish_ci,NULL,0
MyISAM,0,10,NULL,0,BASE TABLE,NULL,2010-04-16 02:37:25,0,2010-04-16 02:37:25,1024,tikiwiki,Dynamic,tiki_sheet_values,NULL,<blank>,<blank>,281474976710655,latin1_swedish_ci,NULL,0
MyISAM,0,10,NULL,0,BASE TABLE,NULL,2010-04-16 02:37:25,0,2010-04-16 02:37:25,1024,tikiwiki,Dynamic,tiki_sheets,NULL,<blank>,<blank>,281474976710655,latin1_swedish_ci,1,0
MyISAM,0,10,NULL,0,BASE TABLE,NULL,2010-04-16 02:37:25,0,2010-04-16 02:37:25,1024,tikiwiki,Dynamic,tiki_shoutbox,NULL,<blank>,<blank>,281474976710655,latin1_swedish_ci,1,0
MyISAM,0,10,NULL,0,BASE TABLE,NULL,2010-04-16 02:37:25,0,2010-04-16 02:37:25,1024,tikiwiki,Dynamic,tiki_shoutbox_words,NULL,<blank>,<blank>,281474976710655,latin1_swedish_ci,NULL,0
MyISAM,0,10,2010-04-27 17:05:22,2,BASE TABLE,NULL,2010-04-16 02:37:25,56,2010-04-19 20:08:25,3072,tikiwiki,Dynamic,tiki_stats,NULL,<blank>,<blank>,281474976710655,latin1_swedish_ci,NULL,28
MyISAM,0,10,NULL,0,BASE TABLE,NULL,2010-04-16 02:37:25,0,2010-04-16 02:37:25,1024,tikiwiki,Fixed,tiki_structure_versions,NULL,<blank>,<blank>,2533274790395903,latin1_swedish_ci,1,0
MyISAM,0,10,NULL,0,BASE TABLE,NULL,2010-04-16 02:37:25,0,2010-04-16 02:37:25,1024,tikiwiki,Dynamic,tiki_structures,NULL,<blank>,<blank>,281474976710655,latin1_swedish_ci,1,0
MyISAM,0,10,NULL,0,BASE TABLE,NULL,2010-04-16 02:37:25,0,2010-04-16 02:37:25,1024,tikiwiki,Dynamic,tiki_submissions,NULL,<blank>,<blank>,281474976710655,latin1_swedish_ci,1,0
MyISAM,0,10,NULL,0,BASE TABLE,NULL,2010-04-16 02:37:25,0,2010-04-16 02:37:25,1024,tikiwiki,Dynamic,tiki_suggested_faq_questions,NULL,<blank>,<blank>,281474976710655,latin1_swedish_ci,1,0
MyISAM,0,10,NULL,0,BASE TABLE,NULL,2010-04-16 02:37:25,0,2010-04-16 02:37:25,1024,tikiwiki,Dynamic,tiki_survey_question_options,NULL,<blank>,<blank>,281474976710655,latin1_swedish_ci,1,0
MyISAM,0,10,NULL,0,BASE TABLE,NULL,2010-04-16 02:37:25,0,2010-04-16 02:37:25,1024,tikiwiki,Dynamic,tiki_survey_questions,NULL,<blank>,<blank>,281474976710655,latin1_swedish_ci,1,0
MyISAM,0,10,NULL,0,BASE TABLE,NULL,2010-04-16 02:37:25,0,2010-04-16 02:37:25,1024,tikiwiki,Dynamic,tiki_surveys,NULL,<blank>,<blank>,281474976710655,latin1_swedish_ci,1,0
MyISAM,0,10,NULL,0,BASE TABLE,NULL,2010-04-16 02:37:25,0,2010-04-16 02:37:25,1024,tikiwiki,Dynamic,tiki_tags,NULL,<blank>,<blank>,281474976710655,latin1_swedish_ci,NULL,0
MyISAM,0,10,NULL,0,BASE TABLE,NULL,2010-04-16 02:37:25,0,2010-04-16 02:37:25,1024,tikiwiki,Dynamic,tiki_theme_control_categs,NULL,<blank>,<blank>,281474976710655,latin1_swedish_ci,NULL,0
MyISAM,0,10,NULL,0,BASE TABLE,NULL,2010-04-16 02:37:25,0,2010-04-16 02:37:25,1024,tikiwiki,Dynamic,tiki_theme_control_objects,NULL,<blank>,<blank>,281474976710655,latin1_swedish_ci,NULL,0
MyISAM,0,10,NULL,0,BASE TABLE,NULL,2010-04-16 02:37:25,0,2010-04-16 02:37:25,1024,tikiwiki,Dynamic,tiki_theme_control_sections,NULL,<blank>,<blank>,281474976710655,latin1_swedish_ci,NULL,0
MyISAM,0,10,NULL,0,BASE TABLE,NULL,2010-04-16 02:37:25,0,2010-04-16 02:37:25,1024,tikiwiki,Dynamic,tiki_topics,NULL,<blank>,<blank>,281474976710655,latin1_swedish_ci,1,0
MyISAM,0,10,NULL,0,BASE TABLE,NULL,2010-04-16 02:37:25,0,2010-04-16 02:37:25,1024,tikiwiki,Dynamic,tiki_tracker_fields,NULL,<blank>,<blank>,281474976710655,latin1_swedish_ci,1,0
MyISAM,0,10,NULL,0,BASE TABLE,NULL,2010-04-16 02:37:25,0,2010-04-16 02:37:25,1024,tikiwiki,Dynamic,tiki_tracker_item_attachments,NULL,<blank>,<blank>,281474976710655,latin1_swedish_ci,1,0
MyISAM,0,10,NULL,0,BASE TABLE,NULL,2010-04-16 02:37:25,0,2010-04-16 02:37:25,1024,tikiwiki,Dynamic,tiki_tracker_item_comments,NULL,<blank>,<blank>,281474976710655,latin1_swedish_ci,1,0
MyISAM,0,10,NULL,0,BASE TABLE,NULL,2010-04-16 02:37:25,0,2010-04-16 02:37:25,1024,tikiwiki,Dynamic,tiki_tracker_item_fields,NULL,<blank>,<blank>,281474976710655,latin1_swedish_ci,NULL,0
MyISAM,0,10,NULL,0,BASE TABLE,NULL,2010-04-16 02:37:25,0,2010-04-16 02:37:25,1024,tikiwiki,Fixed,tiki_tracker_items,NULL,<blank>,<blank>,5066549580791807,latin1_swedish_ci,1,0
MyISAM,0,10,NULL,0,BASE TABLE,NULL,2010-04-16 02:37:25,0,2010-04-16 02:37:25,1024,tikiwiki,Dynamic,tiki_tracker_options,NULL,<blank>,<blank>,281474976710655,latin1_swedish_ci,NULL,0
MyISAM,0,10,NULL,0,BASE TABLE,NULL,2010-04-16 02:37:25,0,2010-04-16 02:37:25,1024,tikiwiki,Dynamic,tiki_trackers,NULL,<blank>,<blank>,281474976710655,latin1_swedish_ci,1,0
MyISAM,0,10,NULL,0,BASE TABLE,NULL,2010-04-16 02:37:25,0,2010-04-16 02:37:25,1024,tikiwiki,Dynamic,tiki_translated_objects,NULL,<blank>,<blank>,281474976710655,latin1_swedish_ci,1,0
MyISAM,0,10,NULL,0,BASE TABLE,NULL,2010-04-16 02:37:25,0,2010-04-16 02:37:25,1024,tikiwiki,Dynamic,tiki_untranslated,NULL,<blank>,<blank>,281474976710655,latin1_swedish_ci,1,0
MyISAM,0,10,NULL,0,BASE TABLE,NULL,2010-04-16 02:37:25,0,2010-04-16 02:37:25,1024,tikiwiki,Fixed,tiki_user_answers,NULL,<blank>,<blank>,4785074604081151,latin1_swedish_ci,NULL,0
MyISAM,0,10,NULL,0,BASE TABLE,NULL,2010-04-16 02:37:25,0,2010-04-16 02:37:25,1024,tikiwiki,Dynamic,tiki_user_answers_uploads,NULL,<blank>,<blank>,281474976710655,latin1_swedish_ci,1,0
MyISAM,0,10,NULL,0,BASE TABLE,NULL,2010-04-16 02:37:25,0,2010-04-16 02:37:25,1024,tikiwiki,Dynamic,tiki_user_assigned_modules,NULL,<blank>,<blank>,281474976710655,latin1_swedish_ci,NULL,0
MyISAM,0,10,NULL,0,BASE TABLE,NULL,2010-04-16 02:37:25,0,2010-04-16 02:37:25,1024,tikiwiki,Dynamic,tiki_user_bookmarks_folders,NULL,<blank>,<blank>,281474976710655,latin1_swedish_ci,1,0
MyISAM,0,10,NULL,0,BASE TABLE,NULL,2010-04-16 02:37:25,0,2010-04-16 02:37:25,1024,tikiwiki,Dynamic,tiki_user_bookmarks_urls,NULL,<blank>,<blank>,281474976710655,latin1_swedish_ci,1,0
MyISAM,0,10,NULL,0,BASE TABLE,NULL,2010-04-16 02:37:25,0,2010-04-16 02:37:25,1024,tikiwiki,Dynamic,tiki_user_mail_accounts,NULL,<blank>,<blank>,281474976710655,latin1_swedish_ci,1,0
MyISAM,0,10,NULL,0,BASE TABLE,NULL,2010-04-16 02:37:25,0,2010-04-16 02:37:25,1024,tikiwiki,Dynamic,tiki_user_menus,NULL,<blank>,<blank>,281474976710655,latin1_swedish_ci,1,0
MyISAM,0,10,NULL,1,BASE TABLE,NULL,2010-04-16 02:37:25,48,2010-04-16 02:37:25,2048,tikiwiki,Dynamic,tiki_user_modules,NULL,<blank>,<blank>,281474976710655,latin1_swedish_ci,NULL,48
MyISAM,0,10,NULL,0,BASE TABLE,NULL,2010-04-16 02:37:25,0,2010-04-16 02:37:25,1024,tikiwiki,Dynamic,tiki_user_notes,NULL,<blank>,<blank>,281474976710655,latin1_swedish_ci,1,0
MyISAM,0,10,NULL,0,BASE TABLE,NULL,2010-04-16 02:37:25,0,2010-04-16 02:37:25,1024,tikiwiki,Dynamic,tiki_user_postings,NULL,<blank>,<blank>,281474976710655,latin1_swedish_ci,NULL,0
MyISAM,0,10,NULL,1,BASE TABLE,NULL,2010-04-16 02:37:25,40,2010-04-16 02:37:25,2048,tikiwiki,Dynamic,tiki_user_preferences,NULL,<blank>,<blank>,281474976710655,latin1_swedish_ci,NULL,40
MyISAM,0,10,NULL,0,BASE TABLE,NULL,2010-04-16 02:37:25,0,2010-04-16 02:37:25,1024,tikiwiki,Dynamic,tiki_user_quizzes,NULL,<blank>,<blank>,281474976710655,latin1_swedish_ci,1,0
MyISAM,0,10,NULL,0,BASE TABLE,NULL,2010-04-16 02:37:25,0,2010-04-16 02:37:25,1024,tikiwiki,Dynamic,tiki_user_taken_quizzes,NULL,<blank>,<blank>,281474976710655,latin1_swedish_ci,NULL,0
MyISAM,0,10,NULL,0,BASE TABLE,NULL,2010-04-16 02:37:25,0,2010-04-16 02:37:25,1024,tikiwiki,Dynamic,tiki_user_tasks,NULL,<blank>,<blank>,281474976710655,latin1_swedish_ci,1,0
MyISAM,0,10,NULL,0,BASE TABLE,NULL,2010-04-16 02:37:25,0,2010-04-16 02:37:25,1024,tikiwiki,Dynamic,tiki_user_tasks_history,NULL,<blank>,<blank>,281474976710655,latin1_swedish_ci,NULL,0
MyISAM,0,10,NULL,0,BASE TABLE,NULL,2010-04-16 02:37:25,0,2010-04-16 02:37:25,1024,tikiwiki,Dynamic,tiki_user_votings,NULL,<blank>,<blank>,281474976710655,latin1_swedish_ci,NULL,0
MyISAM,0,10,NULL,0,BASE TABLE,NULL,2010-04-16 02:37:25,0,2010-04-16 02:37:25,1024,tikiwiki,Dynamic,tiki_user_watches,NULL,<blank>,<blank>,281474976710655,latin1_swedish_ci,NULL,0
MyISAM,0,10,NULL,0,BASE TABLE,NULL,2010-04-16 02:37:25,0,2010-04-16 02:37:25,1024,tikiwiki,Dynamic,tiki_userfiles,NULL,<blank>,<blank>,281474976710655,latin1_swedish_ci,1,0
MyISAM,0,10,NULL,0,BASE TABLE,NULL,2010-04-16 02:37:25,0,2010-04-16 02:37:25,1024,tikiwiki,Dynamic,tiki_userpoints,NULL,<blank>,<blank>,281474976710655,latin1_swedish_ci,NULL,0
MyISAM,0,10,NULL,0,BASE TABLE,NULL,2010-04-16 02:37:25,0,2010-04-16 02:37:25,1024,tikiwiki,Dynamic,tiki_users,NULL,<blank>,<blank>,281474976710655,latin1_swedish_ci,NULL,0
MyISAM,0,10,NULL,0,BASE TABLE,NULL,2010-04-16 02:37:25,0,2010-04-16 02:37:25,1024,tikiwiki,Fixed,tiki_users_score,NULL,<blank>,<blank>,25051272927248383,latin1_swedish_ci,NULL,0
MyISAM,0,10,NULL,0,BASE TABLE,NULL,2010-04-16 02:37:25,0,2010-04-16 02:37:25,1024,tikiwiki,Dynamic,tiki_webmail_contacts,NULL,<blank>,<blank>,281474976710655,latin1_swedish_ci,1,0
MyISAM,0,10,NULL,0,BASE TABLE,NULL,2010-04-16 02:37:25,0,2010-04-16 02:37:25,1024,tikiwiki,Dynamic,tiki_webmail_messages,NULL,<blank>,<blank>,281474976710655,latin1_swedish_ci,NULL,0
MyISAM,0,10,NULL,0,BASE TABLE,NULL,2010-04-16 02:37:25,0,2010-04-16 02:37:25,1024,tikiwiki,Dynamic,tiki_wiki_attachments,NULL,<blank>,<blank>,281474976710655,latin1_swedish_ci,1,0
MyISAM,0,10,NULL,0,BASE TABLE,NULL,2010-04-16 02:37:25,0,2010-04-16 02:37:25,1024,tikiwiki,Dynamic,tiki_zones,NULL,<blank>,<blank>,281474976710655,latin1_swedish_ci,NULL,0
MyISAM,0,10,NULL,4,BASE TABLE,NULL,2010-04-16 02:37:25,140,2010-04-16 02:37:25,2048,tikiwiki,Dynamic,users_grouppermissions,NULL,<blank>,<blank>,281474976710655,latin1_swedish_ci,NULL,35
MyISAM,0,10,NULL,3,BASE TABLE,NULL,2010-04-16 02:37:25,140,2010-04-16 02:37:25,2048,tikiwiki,Dynamic,users_groups,NULL,<blank>,<blank>,281474976710655,latin1_swedish_ci,NULL,46
MyISAM,0,10,NULL,0,BASE TABLE,NULL,2010-04-16 02:37:25,0,2010-04-16 02:37:25,1024,tikiwiki,Dynamic,users_objectpermissions,NULL,<blank>,<blank>,281474976710655,latin1_swedish_ci,NULL,0
MyISAM,0,10,NULL,178,BASE TABLE,NULL,2010-04-16 02:37:25,12104,2010-04-16 02:37:25,9216,tikiwiki,Dynamic,users_permissions,NULL,<blank>,<blank>,281474976710655,latin1_swedish_ci,NULL,68
MyISAM,0,10,NULL,1,BASE TABLE,NULL,2010-04-16 02:37:25,20,2010-04-16 02:37:25,2048,tikiwiki,Dynamic,users_usergroups,NULL,<blank>,<blank>,281474976710655,latin1_swedish_ci,NULL,20
MyISAM,0,10,NULL,1,BASE TABLE,NULL,2010-04-16 02:37:25,68,2010-04-16 02:37:25,4096,tikiwiki,Dynamic,users_users,NULL,<blank>,<blank>,281474976710655,latin1_swedish_ci,2,68
MyISAM,0,10,NULL,0,BASE TABLE,NULL,2010-04-16 04:45:11,0,2010-04-16 04:45:11,1024,tikiwiki195,Dynamic,galaxia_activities,NULL,<blank>,<blank>,281474976710655,latin1_swedish_ci,1,0
MyISAM,0,10,NULL,0,BASE TABLE,NULL,2010-04-16 04:45:11,0,2010-04-16 04:45:11,1024,tikiwiki195,Fixed,galaxia_activity_roles,NULL,<blank>,<blank>,2533274790395903,latin1_swedish_ci,NULL,0
MyISAM,0,10,NULL,0,BASE TABLE,NULL,2010-04-16 04:45:11,0,2010-04-16 04:45:11,1024,tikiwiki195,Dynamic,galaxia_instance_activities,NULL,<blank>,<blank>,281474976710655,latin1_swedish_ci,NULL,0
MyISAM,0,10,NULL,0,BASE TABLE,NULL,2010-04-16 04:45:11,0,2010-04-16 04:45:11,1024,tikiwiki195,Dynamic,galaxia_instance_comments,NULL,<blank>,<blank>,281474976710655,latin1_swedish_ci,1,0
MyISAM,0,10,NULL,0,BASE TABLE,NULL,2010-04-16 04:45:11,0,2010-04-16 04:45:11,1024,tikiwiki195,Dynamic,galaxia_instances,NULL,<blank>,<blank>,281474976710655,latin1_swedish_ci,1,0
MyISAM,0,10,NULL,0,BASE TABLE,NULL,2010-04-16 04:45:11,0,2010-04-16 04:45:11,1024,tikiwiki195,Dynamic,galaxia_processes,NULL,<blank>,<blank>,281474976710655,latin1_swedish_ci,1,0
MyISAM,0,10,NULL,0,BASE TABLE,NULL,2010-04-16 04:45:11,0,2010-04-16 04:45:11,1024,tikiwiki195,Dynamic,galaxia_roles,NULL,<blank>,<blank>,281474976710655,latin1_swedish_ci,1,0
MyISAM,0,10,NULL,0,BASE TABLE,NULL,2010-04-16 04:45:11,0,2010-04-16 04:45:11,1024,tikiwiki195,Fixed,galaxia_transitions,NULL,<blank>,<blank>,3659174697238527,latin1_swedish_ci,NULL,0
MyISAM,0,10,NULL,0,BASE TABLE,NULL,2010-04-16 04:45:11,0,2010-04-16 04:45:11,1024,tikiwiki195,Dynamic,galaxia_user_roles,NULL,<blank>,<blank>,281474976710655,latin1_swedish_ci,1,0
MyISAM,0,10,NULL,0,BASE TABLE,NULL,2010-04-16 04:45:11,0,2010-04-16 04:45:11,1024,tikiwiki195,Dynamic,galaxia_workitems,NULL,<blank>,<blank>,281474976710655,latin1_swedish_ci,1,0
MyISAM,0,10,NULL,0,BASE TABLE,NULL,2010-04-16 04:45:11,0,2010-04-16 04:45:11,1024,tikiwiki195,Dynamic,messu_archive,NULL,<blank>,<blank>,281474976710655,latin1_swedish_ci,1,0
MyISAM,0,10,NULL,0,BASE TABLE,NULL,2010-04-16 04:45:11,0,2010-04-16 04:45:11,1024,tikiwiki195,Dynamic,messu_messages,NULL,<blank>,<blank>,281474976710655,latin1_swedish_ci,1,0
MyISAM,0,10,NULL,0,BASE TABLE,NULL,2010-04-16 04:45:11,0,2010-04-16 04:45:11,1024,tikiwiki195,Dynamic,messu_sent,NULL,<blank>,<blank>,281474976710655,latin1_swedish_ci,1,0
MyISAM,0,10,NULL,0,BASE TABLE,NULL,2010-04-16 04:45:11,0,2010-04-16 04:45:11,1024,tikiwiki195,Dynamic,sessions,NULL,<blank>,<blank>,281474976710655,latin1_swedish_ci,NULL,0
MyISAM,0,10,NULL,1,BASE TABLE,NULL,2010-04-16 04:45:11,60,2010-04-16 04:45:36,1024,tikiwiki195,Dynamic,tiki_actionlog,NULL,<blank>,<blank>,281474976710655,latin1_swedish_ci,NULL,60
MyISAM,0,10,NULL,4,BASE TABLE,NULL,2010-04-16 04:45:11,192,2010-04-16 04:45:11,2048,tikiwiki195,Dynamic,tiki_article_types,NULL,<blank>,<blank>,281474976710655,latin1_swedish_ci,NULL,48
MyISAM,0,10,NULL,0,BASE TABLE,NULL,2010-04-16 04:45:11,0,2010-04-16 04:45:11,1024,tikiwiki195,Dynamic,tiki_articles,NULL,<blank>,<blank>,281474976710655,latin1_swedish_ci,1,0
MyISAM,0,10,NULL,0,BASE TABLE,NULL,2010-04-16 04:45:11,0,2010-04-16 04:45:11,1024,tikiwiki195,Dynamic,tiki_banners,NULL,<blank>,<blank>,281474976710655,latin1_swedish_ci,1,0
MyISAM,0,10,NULL,0,BASE TABLE,NULL,2010-04-16 04:45:11,0,2010-04-16 04:45:11,1024,tikiwiki195,Dynamic,tiki_banning,NULL,<blank>,<blank>,281474976710655,latin1_swedish_ci,1,0
MyISAM,0,10,NULL,0,BASE TABLE,NULL,2010-04-16 04:45:11,0,2010-04-16 04:45:11,1024,tikiwiki195,Dynamic,tiki_banning_sections,NULL,<blank>,<blank>,281474976710655,latin1_swedish_ci,NULL,0
MyISAM,0,10,NULL,0,BASE TABLE,NULL,2010-04-16 04:45:11,0,2010-04-16 04:45:11,1024,tikiwiki195,Fixed,tiki_blog_activity,NULL,<blank>,<blank>,3659174697238527,latin1_swedish_ci,NULL,0
MyISAM,0,10,NULL,0,BASE TABLE,NULL,2010-04-16 04:45:11,0,2010-04-16 04:45:11,1024,tikiwiki195,Dynamic,tiki_blog_posts,NULL,<blank>,<blank>,281474976710655,latin1_swedish_ci,1,0
MyISAM,0,10,NULL,0,BASE TABLE,NULL,2010-04-16 04:45:11,0,2010-04-16 04:45:11,1024,tikiwiki195,Dynamic,tiki_blog_posts_images,NULL,<blank>,<blank>,281474976710655,latin1_swedish_ci,1,0
MyISAM,0,10,NULL,0,BASE TABLE,NULL,2010-04-16 04:45:11,0,2010-04-16 04:45:11,1024,tikiwiki195,Dynamic,tiki_blogs,NULL,<blank>,<blank>,281474976710655,latin1_swedish_ci,1,0
MyISAM,0,10,NULL,0,BASE TABLE,NULL,2010-04-16 04:45:11,0,2010-04-16 04:45:11,1024,tikiwiki195,Dynamic,tiki_calendar_categories,NULL,<blank>,<blank>,281474976710655,latin1_swedish_ci,1,0
MyISAM,0,10,NULL,0,BASE TABLE,NULL,2010-04-16 04:45:11,0,2010-04-16 04:45:11,1024,tikiwiki195,Dynamic,tiki_calendar_items,NULL,<blank>,<blank>,281474976710655,latin1_swedish_ci,1,0
MyISAM,0,10,NULL,0,BASE TABLE,NULL,2010-04-16 04:45:11,0,2010-04-16 04:45:11,1024,tikiwiki195,Dynamic,tiki_calendar_locations,NULL,<blank>,<blank>,281474976710655,latin1_swedish_ci,1,0
MyISAM,0,10,NULL,0,BASE TABLE,NULL,2010-04-16 04:45:11,0,2010-04-16 04:45:11,1024,tikiwiki195,Dynamic,tiki_calendar_roles,NULL,<blank>,<blank>,281474976710655,latin1_swedish_ci,NULL,0
MyISAM,0,10,NULL,0,BASE TABLE,NULL,2010-04-16 04:45:11,0,2010-04-16 04:45:11,1024,tikiwiki195,Dynamic,tiki_calendars,NULL,<blank>,<blank>,281474976710655,latin1_swedish_ci,1,0
MyISAM,0,10,NULL,0,BASE TABLE,NULL,2010-04-16 04:45:11,0,2010-04-16 04:45:11,1024,tikiwiki195,Dynamic,tiki_categories,NULL,<blank>,<blank>,281474976710655,latin1_swedish_ci,1,0
MyISAM,0,10,NULL,0,BASE TABLE,NULL,2010-04-16 04:45:11,0,2010-04-16 04:45:11,1024,tikiwiki195,Dynamic,tiki_categorized_objects,NULL,<blank>,<blank>,281474976710655,latin1_swedish_ci,1,0
MyISAM,0,10,NULL,0,BASE TABLE,NULL,2010-04-16 04:45:11,0,2010-04-16 04:45:11,1024,tikiwiki195,Fixed,tiki_category_objects,NULL,<blank>,<blank>,2533274790395903,latin1_swedish_ci,NULL,0
MyISAM,0,10,NULL,0,BASE TABLE,NULL,2010-04-16 04:45:11,0,2010-04-16 04:45:11,1024,tikiwiki195,Fixed,tiki_category_sites,NULL,<blank>,<blank>,2533274790395903,latin1_swedish_ci,NULL,0
MyISAM,0,10,NULL,0,BASE TABLE,NULL,2010-04-16 04:45:11,0,2010-04-16 04:45:11,1024,tikiwiki195,Dynamic,tiki_chart_items,NULL,<blank>,<blank>,281474976710655,latin1_swedish_ci,1,0
MyISAM,0,10,NULL,0,BASE TABLE,NULL,2010-04-16 04:45:11,0,2010-04-16 04:45:11,1024,tikiwiki195,Dynamic,tiki_charts,NULL,<blank>,<blank>,281474976710655,latin1_swedish_ci,1,0
MyISAM,0,10,NULL,0,BASE TABLE,NULL,2010-04-16 04:45:11,0,2010-04-16 04:45:11,1024,tikiwiki195,Fixed,tiki_charts_rankings,NULL,<blank>,<blank>,8725724278030335,latin1_swedish_ci,NULL,0
MyISAM,0,10,NULL,0,BASE TABLE,NULL,2010-04-16 04:45:11,0,2010-04-16 04:45:11,1024,tikiwiki195,Dynamic,tiki_charts_votes,NULL,<blank>,<blank>,281474976710655,latin1_swedish_ci,NULL,0
MyISAM,0,10,NULL,0,BASE TABLE,NULL,2010-04-16 04:45:11,0,2010-04-16 04:45:11,1024,tikiwiki195,Dynamic,tiki_chat_channels,NULL,<blank>,<blank>,281474976710655,latin1_swedish_ci,1,0
MyISAM,0,10,NULL,0,BASE TABLE,NULL,2010-04-16 04:45:11,0,2010-04-16 04:45:11,1024,tikiwiki195,Dynamic,tiki_chat_messages,NULL,<blank>,<blank>,281474976710655,latin1_swedish_ci,1,0
MyISAM,0,10,NULL,0,BASE TABLE,NULL,2010-04-16 04:45:11,0,2010-04-16 04:45:11,1024,tikiwiki195,Dynamic,tiki_chat_users,NULL,<blank>,<blank>,281474976710655,latin1_swedish_ci,NULL,0
MyISAM,0,10,NULL,0,BASE TABLE,NULL,2010-04-16 04:45:11,0,2010-04-16 04:45:11,1024,tikiwiki195,Dynamic,tiki_comments,NULL,<blank>,<blank>,281474976710655,latin1_swedish_ci,1,0
MyISAM,0,10,NULL,0,BASE TABLE,NULL,2010-04-16 04:45:11,0,2010-04-16 04:45:11,1024,tikiwiki195,Dynamic,tiki_content,NULL,<blank>,<blank>,281474976710655,latin1_swedish_ci,1,0
MyISAM,0,10,NULL,0,BASE TABLE,NULL,2010-04-16 04:45:11,0,2010-04-16 04:45:11,1024,tikiwiki195,Dynamic,tiki_content_templates,NULL,<blank>,<blank>,281474976710655,latin1_swedish_ci,1,0
MyISAM,0,10,NULL,0,BASE TABLE,NULL,2010-04-16 04:45:12,0,2010-04-16 04:45:12,1024,tikiwiki195,Dynamic,tiki_content_templates_sections,NULL,<blank>,<blank>,281474976710655,latin1_swedish_ci,NULL,0
MyISAM,0,10,NULL,0,BASE TABLE,NULL,2010-04-16 04:45:12,0,2010-04-16 04:45:12,1024,tikiwiki195,Dynamic,tiki_cookies,NULL,<blank>,<blank>,281474976710655,latin1_swedish_ci,1,0
MyISAM,0,10,NULL,0,BASE TABLE,NULL,2010-04-16 04:45:12,0,2010-04-16 04:45:12,1024,tikiwiki195,Dynamic,tiki_copyrights,NULL,<blank>,<blank>,281474976710655,latin1_swedish_ci,1,0
MyISAM,0,10,NULL,0,BASE TABLE,NULL,2010-04-16 04:45:12,0,2010-04-16 04:45:12,1024,tikiwiki195,Dynamic,tiki_directory_categories,NULL,<blank>,<blank>,281474976710655,latin1_swedish_ci,1,0
MyISAM,0,10,NULL,0,BASE TABLE,NULL,2010-04-16 04:45:12,0,2010-04-16 04:45:12,1024,tikiwiki195,Dynamic,tiki_directory_search,NULL,<blank>,<blank>,281474976710655,latin1_swedish_ci,NULL,0
MyISAM,0,10,NULL,0,BASE TABLE,NULL,2010-04-16 04:45:12,0,2010-04-16 04:45:12,1024,tikiwiki195,Dynamic,tiki_directory_sites,NULL,<blank>,<blank>,281474976710655,latin1_swedish_ci,1,0
MyISAM,0,10,NULL,0,BASE TABLE,NULL,2010-04-16 04:45:12,0,2010-04-16 04:45:12,1024,tikiwiki195,Dynamic,tiki_download,NULL,<blank>,<blank>,281474976710655,latin1_swedish_ci,1,0
MyISAM,0,10,NULL,0,BASE TABLE,NULL,2010-04-16 04:45:12,0,2010-04-16 04:45:12,1024,tikiwiki195,Dynamic,tiki_drawings,NULL,<blank>,<blank>,281474976710655,latin1_swedish_ci,1,0
MyISAM,0,10,NULL,0,BASE TABLE,NULL,2010-04-16 04:45:12,0,2010-04-16 04:45:12,1024,tikiwiki195,Dynamic,tiki_dsn,NULL,<blank>,<blank>,281474976710655,latin1_swedish_ci,1,0
MyISAM,0,10,NULL,0,BASE TABLE,NULL,2010-04-16 04:45:12,0,2010-04-16 04:45:12,1024,tikiwiki195,Dynamic,tiki_dynamic_variables,NULL,<blank>,<blank>,281474976710655,latin1_swedish_ci,NULL,0
MyISAM,0,10,NULL,0,BASE TABLE,NULL,2010-04-16 04:45:12,0,2010-04-16 04:45:12,1024,tikiwiki195,Dynamic,tiki_eph,NULL,<blank>,<blank>,281474976710655,latin1_swedish_ci,1,0
MyISAM,0,10,NULL,0,BASE TABLE,NULL,2010-04-16 04:45:12,0,2010-04-16 04:45:12,1024,tikiwiki195,Dynamic,tiki_extwiki,NULL,<blank>,<blank>,281474976710655,latin1_swedish_ci,1,0
MyISAM,0,10,NULL,0,BASE TABLE,NULL,2010-04-16 04:45:12,0,2010-04-16 04:45:12,1024,tikiwiki195,Dynamic,tiki_faq_questions,NULL,<blank>,<blank>,281474976710655,latin1_swedish_ci,1,0
MyISAM,0,10,NULL,0,BASE TABLE,NULL,2010-04-16 04:45:12,0,2010-04-16 04:45:12,1024,tikiwiki195,Dynamic,tiki_faqs,NULL,<blank>,<blank>,281474976710655,latin1_swedish_ci,1,0
MyISAM,0,10,NULL,0,BASE TABLE,NULL,2010-04-16 04:45:12,0,2010-04-16 04:45:12,1024,tikiwiki195,Dynamic,tiki_featured_links,NULL,<blank>,<blank>,281474976710655,latin1_swedish_ci,NULL,0
MyISAM,0,10,NULL,0,BASE TABLE,NULL,2010-04-16 04:45:12,0,2010-04-16 04:45:12,1024,tikiwiki195,Dynamic,tiki_file_galleries,NULL,<blank>,<blank>,281474976710655,latin1_swedish_ci,1,0
MyISAM,0,10,NULL,0,BASE TABLE,NULL,2010-04-16 04:45:12,0,2010-04-16 04:45:12,1024,tikiwiki195,Dynamic,tiki_file_handlers,NULL,<blank>,<blank>,281474976710655,latin1_swedish_ci,NULL,0
MyISAM,0,10,NULL,0,BASE TABLE,NULL,2010-04-16 04:45:12,0,2010-04-16 04:45:12,1024,tikiwiki195,Dynamic,tiki_files,NULL,<blank>,<blank>,281474976710655,latin1_swedish_ci,1,0
MyISAM,0,10,NULL,0,BASE TABLE,NULL,2010-04-16 04:45:12,0,2010-04-16 04:45:12,1024,tikiwiki195,Dynamic,tiki_forum_attachments,NULL,<blank>,<blank>,281474976710655,latin1_swedish_ci,1,0
MyISAM,0,10,NULL,0,BASE TABLE,NULL,2010-04-16 04:45:12,0,2010-04-16 04:45:12,1024,tikiwiki195,Dynamic,tiki_forum_reads,NULL,<blank>,<blank>,281474976710655,latin1_swedish_ci,NULL,0
MyISAM,0,10,NULL,0,BASE TABLE,NULL,2010-04-16 04:45:12,0,2010-04-16 04:45:12,1024,tikiwiki195,Dynamic,tiki_forums,NULL,<blank>,<blank>,281474976710655,latin1_swedish_ci,1,0
MyISAM,0,10,NULL,0,BASE TABLE,NULL,2010-04-16 04:45:12,0,2010-04-16 04:45:12,1024,tikiwiki195,Dynamic,tiki_forums_queue,NULL,<blank>,<blank>,281474976710655,latin1_swedish_ci,1,0
MyISAM,0,10,NULL,0,BASE TABLE,NULL,2010-04-16 04:45:12,0,2010-04-16 04:45:12,1024,tikiwiki195,Dynamic,tiki_forums_reported,NULL,<blank>,<blank>,281474976710655,latin1_swedish_ci,NULL,0
MyISAM,0,10,NULL,0,BASE TABLE,NULL,2010-04-16 04:45:12,0,2010-04-16 04:45:12,1024,tikiwiki195,Fixed,tiki_friends,NULL,<blank>,<blank>,22799473113563135,latin1_swedish_ci,NULL,0
MyISAM,0,10,NULL,0,BASE TABLE,NULL,2010-04-16 04:45:12,0,2010-04-16 04:45:12,1024,tikiwiki195,Fixed,tiki_friendship_requests,NULL,<blank>,<blank>,23925373020405759,latin1_swedish_ci,NULL,0
MyISAM,0,10,NULL,0,BASE TABLE,NULL,2010-04-16 04:45:12,0,2010-04-16 04:45:12,1024,tikiwiki195,Dynamic,tiki_galleries,NULL,<blank>,<blank>,281474976710655,latin1_swedish_ci,1,0
MyISAM,0,10,NULL,0,BASE TABLE,NULL,2010-04-16 04:45:12,0,2010-04-16 04:45:12,1024,tikiwiki195,Fixed,tiki_galleries_scales,NULL,<blank>,<blank>,2533274790395903,latin1_swedish_ci,NULL,0
MyISAM,0,10,NULL,0,BASE TABLE,NULL,2010-04-16 04:45:12,0,2010-04-16 04:45:12,1024,tikiwiki195,Dynamic,tiki_games,NULL,<blank>,<blank>,281474976710655,latin1_swedish_ci,NULL,0
MyISAM,0,10,NULL,0,BASE TABLE,NULL,2010-04-16 04:45:12,0,2010-04-16 04:45:12,1024,tikiwiki195,Dynamic,tiki_group_inclusion,NULL,<blank>,<blank>,281474976710655,latin1_swedish_ci,NULL,0
MyISAM,0,10,NULL,0,BASE TABLE,NULL,2010-04-16 04:45:12,0,2010-04-16 04:45:12,1024,tikiwiki195,Dynamic,tiki_history,NULL,<blank>,<blank>,281474976710655,latin1_swedish_ci,NULL,0
MyISAM,0,10,NULL,0,BASE TABLE,NULL,2010-04-16 04:45:12,0,2010-04-16 04:45:12,1024,tikiwiki195,Dynamic,tiki_hotwords,NULL,<blank>,<blank>,281474976710655,latin1_swedish_ci,NULL,0
MyISAM,0,10,NULL,0,BASE TABLE,NULL,2010-04-16 04:45:12,0,2010-04-16 04:45:12,1024,tikiwiki195,Dynamic,tiki_html_pages,NULL,<blank>,<blank>,281474976710655,latin1_swedish_ci,NULL,0
MyISAM,0,10,NULL,0,BASE TABLE,NULL,2010-04-16 04:45:12,0,2010-04-16 04:45:12,1024,tikiwiki195,Dynamic,tiki_html_pages_dynamic_zones,NULL,<blank>,<blank>,281474976710655,latin1_swedish_ci,NULL,0
MyISAM,0,10,NULL,0,BASE TABLE,NULL,2010-04-16 04:45:12,0,2010-04-16 04:45:12,1024,tikiwiki195,Dynamic,tiki_images,NULL,<blank>,<blank>,281474976710655,latin1_swedish_ci,1,0
MyISAM,0,10,NULL,0,BASE TABLE,NULL,2010-04-16 04:45:12,0,2010-04-16 04:45:12,1024,tikiwiki195,Dynamic,tiki_images_data,NULL,<blank>,<blank>,281474976710655,latin1_swedish_ci,NULL,0
MyISAM,0,10,NULL,1,BASE TABLE,NULL,2010-04-16 04:45:12,232,2010-04-16 04:45:12,2048,tikiwiki195,Dynamic,tiki_integrator_reps,NULL,<blank>,<blank>,281474976710655,latin1_swedish_ci,2,232
MyISAM,0,10,NULL,3,BASE TABLE,NULL,2010-04-16 04:45:12,344,2010-04-16 04:45:12,3072,tikiwiki195,Dynamic,tiki_integrator_rules,NULL,<blank>,<blank>,281474976710655,latin1_swedish_ci,4,114
MyISAM,0,10,NULL,0,BASE TABLE,NULL,2010-04-16 04:45:12,0,2010-04-16 04:45:12,1024,tikiwiki195,Dynamic,tiki_language,NULL,<blank>,<blank>,281474976710655,latin1_swedish_ci,NULL,0
MyISAM,0,10,NULL,1,BASE TABLE,NULL,2010-04-16 04:45:12,20,2010-04-16 04:45:12,2048,tikiwiki195,Dynamic,tiki_languages,NULL,<blank>,<blank>,281474976710655,latin1_swedish_ci,NULL,20
MyISAM,0,10,2010-04-16 04:45:12,0,BASE TABLE,NULL,2010-04-16 04:45:12,0,2010-04-16 04:45:12,1024,tikiwiki195,Dynamic,tiki_link_cache,NULL,<blank>,<blank>,281474976710655,latin1_swedish_ci,1,0
MyISAM,0,10,NULL,0,BASE TABLE,NULL,2010-04-16 04:45:12,0,2010-04-16 04:45:12,1024,tikiwiki195,Dynamic,tiki_links,NULL,<blank>,<blank>,281474976710655,latin1_swedish_ci,NULL,0
MyISAM,0,10,NULL,0,BASE TABLE,NULL,2010-04-16 04:45:12,0,2010-04-16 04:45:12,1024,tikiwiki195,Dynamic,tiki_live_support_events,NULL,<blank>,<blank>,281474976710655,latin1_swedish_ci,1,0
MyISAM,0,10,NULL,0,BASE TABLE,NULL,2010-04-16 04:45:12,0,2010-04-16 04:45:12,1024,tikiwiki195,Dynamic,tiki_live_support_message_comments,NULL,<blank>,<blank>,281474976710655,latin1_swedish_ci,1,0
MyISAM,0,10,NULL,0,BASE TABLE,NULL,2010-04-16 04:45:12,0,2010-04-16 04:45:12,1024,tikiwiki195,Dynamic,tiki_live_support_messages,NULL,<blank>,<blank>,281474976710655,latin1_swedish_ci,1,0
MyISAM,0,10,NULL,7,BASE TABLE,NULL,2010-04-16 04:45:12,152,2010-04-16 04:45:12,2048,tikiwiki195,Dynamic,tiki_live_support_modules,NULL,<blank>,<blank>,281474976710655,latin1_swedish_ci,8,21
MyISAM,0,10,NULL,0,BASE TABLE,NULL,2010-04-16 04:45:12,0,2010-04-16 04:45:12,1024,tikiwiki195,Dynamic,tiki_live_support_operators,NULL,<blank>,<blank>,281474976710655,latin1_swedish_ci,NULL,0
MyISAM,0,10,NULL,0,BASE TABLE,NULL,2010-04-16 04:45:12,0,2010-04-16 04:45:12,1024,tikiwiki195,Dynamic,tiki_live_support_requests,NULL,<blank>,<blank>,281474976710655,latin1_swedish_ci,NULL,0
MyISAM,0,10,NULL,0,BASE TABLE,NULL,2010-04-16 04:45:12,0,2010-04-16 04:45:12,1024,tikiwiki195,Dynamic,tiki_logs,NULL,<blank>,<blank>,281474976710655,latin1_swedish_ci,1,0
MyISAM,0,10,NULL,0,BASE TABLE,NULL,2010-04-16 04:45:12,0,2010-04-16 04:45:12,1024,tikiwiki195,Dynamic,tiki_mail_events,NULL,<blank>,<blank>,281474976710655,latin1_swedish_ci,NULL,0
MyISAM,0,10,NULL,0,BASE TABLE,NULL,2010-04-16 04:45:12,0,2010-04-16 04:45:12,1024,tikiwiki195,Dynamic,tiki_mailin_accounts,NULL,<blank>,<blank>,281474976710655,latin1_swedish_ci,1,0
MyISAM,0,10,NULL,0,BASE TABLE,NULL,2010-04-16 04:45:12,0,2010-04-16 04:45:12,1024,tikiwiki195,Fixed,tiki_menu_languages,NULL,<blank>,<blank>,5910974510923775,latin1_swedish_ci,1,0
MyISAM,0,10,NULL,170,BASE TABLE,NULL,2010-04-16 04:45:12,15140,2010-04-16 04:45:12,4096,tikiwiki195,Dynamic,tiki_menu_options,NULL,<blank>,<blank>,281474976710655,latin1_swedish_ci,171,89
MyISAM,0,10,NULL,1,BASE TABLE,NULL,2010-04-16 04:45:12,60,2010-04-16 04:45:12,2048,tikiwiki195,Dynamic,tiki_menus,NULL,<blank>,<blank>,281474976710655,latin1_swedish_ci,43,60
MyISAM,0,10,NULL,0,BASE TABLE,NULL,2010-04-16 04:45:12,0,2010-04-16 04:45:12,1024,tikiwiki195,Dynamic,tiki_minical_events,NULL,<blank>,<blank>,281474976710655,latin1_swedish_ci,1,0
MyISAM,0,10,NULL,0,BASE TABLE,NULL,2010-04-16 04:45:12,0,2010-04-16 04:45:12,1024,tikiwiki195,Dynamic,tiki_minical_topics,NULL,<blank>,<blank>,281474976710655,latin1_swedish_ci,1,0
MyISAM,0,10,NULL,4,BASE TABLE,NULL,2010-04-16 04:45:12,300,2010-04-16 04:45:12,2048,tikiwiki195,Dynamic,tiki_modules,NULL,<blank>,<blank>,281474976710655,latin1_swedish_ci,NULL,75
MyISAM,0,10,NULL,0,BASE TABLE,NULL,2010-04-16 04:45:12,0,2010-04-16 04:45:12,1024,tikiwiki195,Dynamic,tiki_newsletter_groups,NULL,<blank>,<blank>,281474976710655,latin1_swedish_ci,NULL,0
MyISAM,0,10,NULL,0,BASE TABLE,NULL,2010-04-16 04:45:12,0,2010-04-16 04:45:12,1024,tikiwiki195,Dynamic,tiki_newsletter_subscriptions,NULL,<blank>,<blank>,281474976710655,latin1_swedish_ci,NULL,0
MyISAM,0,10,NULL,0,BASE TABLE,NULL,2010-04-16 04:45:12,0,2010-04-16 04:45:12,1024,tikiwiki195,Dynamic,tiki_newsletters,NULL,<blank>,<blank>,281474976710655,latin1_swedish_ci,1,0
MyISAM,0,10,NULL,0,BASE TABLE,NULL,2010-04-16 04:45:12,0,2010-04-16 04:45:12,1024,tikiwiki195,Dynamic,tiki_newsreader_marks,NULL,<blank>,<blank>,281474976710655,latin1_swedish_ci,NULL,0
MyISAM,0,10,NULL,0,BASE TABLE,NULL,2010-04-16 04:45:12,0,2010-04-16 04:45:12,1024,tikiwiki195,Dynamic,tiki_newsreader_servers,NULL,<blank>,<blank>,281474976710655,latin1_swedish_ci,1,0
MyISAM,0,10,NULL,0,BASE TABLE,NULL,2010-04-16 04:45:11,0,2010-04-16 04:45:11,1024,tikiwiki195,Fixed,tiki_object_ratings,NULL,<blank>,<blank>,2533274790395903,latin1_swedish_ci,NULL,0
MyISAM,0,10,NULL,0,BASE TABLE,NULL,2010-04-16 04:45:12,0,2010-04-16 04:45:12,1024,tikiwiki195,Dynamic,tiki_page_footnotes,NULL,<blank>,<blank>,281474976710655,latin1_swedish_ci,NULL,0
MyISAM,0,10,NULL,1,BASE TABLE,NULL,2010-04-16 04:45:12,84,2010-04-19 19:17:46,7168,tikiwiki195,Dynamic,tiki_pages,NULL,<blank>,<blank>,281474976710655,latin1_swedish_ci,2,84
MyISAM,0,10,NULL,0,BASE TABLE,NULL,2010-04-16 04:45:12,0,2010-04-16 04:45:12,1024,tikiwiki195,Fixed,tiki_pageviews,NULL,<blank>,<blank>,2533274790395903,latin1_swedish_ci,NULL,0
MyISAM,0,10,NULL,0,BASE TABLE,NULL,2010-04-16 04:45:12,0,2010-04-16 04:45:12,1024,tikiwiki195,Dynamic,tiki_poll_objects,NULL,<blank>,<blank>,281474976710655,latin1_swedish_ci,NULL,0
MyISAM,0,10,NULL,0,BASE TABLE,NULL,2010-04-16 04:45:12,0,2010-04-16 04:45:12,1024,tikiwiki195,Dynamic,tiki_poll_options,NULL,<blank>,<blank>,281474976710655,latin1_swedish_ci,1,0
MyISAM,0,10,NULL,0,BASE TABLE,NULL,2010-04-16 04:45:12,0,2010-04-16 04:45:12,1024,tikiwiki195,Dynamic,tiki_polls,NULL,<blank>,<blank>,281474976710655,latin1_swedish_ci,1,0
MyISAM,0,10,NULL,402,BASE TABLE,NULL,2010-04-16 04:45:12,10524,2010-04-16 04:45:36,17408,tikiwiki195,Dynamic,tiki_preferences,NULL,<blank>,<blank>,281474976710655,latin1_swedish_ci,NULL,26
MyISAM,0,10,NULL,0,BASE TABLE,NULL,2010-04-16 04:45:12,0,2010-04-16 04:45:12,1024,tikiwiki195,Dynamic,tiki_private_messages,NULL,<blank>,<blank>,281474976710655,latin1_swedish_ci,1,0
MyISAM,0,10,NULL,0,BASE TABLE,NULL,2010-04-16 04:45:12,0,2010-04-16 04:45:12,1024,tikiwiki195,Dynamic,tiki_programmed_content,NULL,<blank>,<blank>,281474976710655,latin1_swedish_ci,1,0
MyISAM,0,10,NULL,49,BASE TABLE,NULL,2010-04-16 04:45:12,5660,2010-04-16 04:45:12,6144,tikiwiki195,Dynamic,tiki_quicktags,NULL,<blank>,<blank>,281474976710655,latin1_swedish_ci,50,115
MyISAM,0,10,NULL,0,BASE TABLE,NULL,2010-04-16 04:45:12,0,2010-04-16 04:45:12,1024,tikiwiki195,Dynamic,tiki_quiz_question_options,NULL,<blank>,<blank>,281474976710655,latin1_swedish_ci,1,0
MyISAM,0,10,NULL,0,BASE TABLE,NULL,2010-04-16 04:45:12,0,2010-04-16 04:45:12,1024,tikiwiki195,Dynamic,tiki_quiz_questions,NULL,<blank>,<blank>,281474976710655,latin1_swedish_ci,1,0
MyISAM,0,10,NULL,0,BASE TABLE,NULL,2010-04-16 04:45:12,0,2010-04-16 04:45:12,1024,tikiwiki195,Dynamic,tiki_quiz_results,NULL,<blank>,<blank>,281474976710655,latin1_swedish_ci,1,0
MyISAM,0,10,NULL,0,BASE TABLE,NULL,2010-04-16 04:45:12,0,2010-04-16 04:45:12,1024,tikiwiki195,Fixed,tiki_quiz_stats,NULL,<blank>,<blank>,4785074604081151,latin1_swedish_ci,NULL,0
MyISAM,0,10,NULL,0,BASE TABLE,NULL,2010-04-16 04:45:12,0,2010-04-16 04:45:12,1024,tikiwiki195,Dynamic,tiki_quiz_stats_sum,NULL,<blank>,<blank>,281474976710655,latin1_swedish_ci,NULL,0
MyISAM,0,10,NULL,0,BASE TABLE,NULL,2010-04-16 04:45:12,0,2010-04-16 04:45:12,1024,tikiwiki195,Dynamic,tiki_quizzes,NULL,<blank>,<blank>,281474976710655,latin1_swedish_ci,1,0
MyISAM,0,10,NULL,0,BASE TABLE,NULL,2010-04-16 04:45:12,0,2010-04-16 04:45:12,1024,tikiwiki195,Dynamic,tiki_received_articles,NULL,<blank>,<blank>,281474976710655,latin1_swedish_ci,1,0
MyISAM,0,10,NULL,0,BASE TABLE,NULL,2010-04-16 04:45:12,0,2010-04-16 04:45:12,1024,tikiwiki195,Dynamic,tiki_received_pages,NULL,<blank>,<blank>,281474976710655,latin1_swedish_ci,1,0
MyISAM,0,10,NULL,0,BASE TABLE,NULL,2010-04-16 04:45:12,0,2010-04-16 04:45:12,1024,tikiwiki195,Dynamic,tiki_referer_stats,NULL,<blank>,<blank>,281474976710655,latin1_swedish_ci,NULL,0
MyISAM,0,10,NULL,0,BASE TABLE,NULL,2010-04-16 04:45:12,0,2010-04-16 04:45:12,1024,tikiwiki195,Fixed,tiki_related_categories,NULL,<blank>,<blank>,2533274790395903,latin1_swedish_ci,NULL,0
MyISAM,0,10,NULL,0,BASE TABLE,NULL,2010-04-16 04:45:12,0,2010-04-16 04:45:12,1024,tikiwiki195,Dynamic,tiki_rss_feeds,NULL,<blank>,<blank>,281474976710655,latin1_swedish_ci,NULL,0
MyISAM,0,10,NULL,0,BASE TABLE,NULL,2010-04-16 04:45:12,0,2010-04-16 04:45:12,1024,tikiwiki195,Dynamic,tiki_rss_modules,NULL,<blank>,<blank>,281474976710655,latin1_swedish_ci,1,0
MyISAM,0,10,NULL,30,BASE TABLE,NULL,2010-04-16 04:45:12,732,2010-04-16 04:45:12,2048,tikiwiki195,Dynamic,tiki_score,NULL,<blank>,<blank>,281474976710655,latin1_swedish_ci,NULL,24
MyISAM,0,10,NULL,0,BASE TABLE,NULL,2010-04-16 04:45:12,0,2010-04-16 04:45:12,1024,tikiwiki195,Dynamic,tiki_search_stats,NULL,<blank>,<blank>,281474976710655,latin1_swedish_ci,NULL,0
MyISAM,0,10,NULL,1,BASE TABLE,NULL,2010-04-16 04:45:12,36,2010-05-09 01:02:47,4096,tikiwiki195,Dynamic,tiki_searchindex,NULL,<blank>,<blank>,281474976710655,latin1_swedish_ci,NULL,36
MyISAM,0,10,NULL,0,BASE TABLE,NULL,2010-04-16 04:45:12,0,2010-04-16 04:45:12,1024,tikiwiki195,Dynamic,tiki_searchsyllable,NULL,<blank>,<blank>,281474976710655,latin1_swedish_ci,NULL,0
MyISAM,0,10,NULL,0,BASE TABLE,NULL,2010-04-16 04:45:12,0,2010-04-16 04:45:12,1024,tikiwiki195,Dynamic,tiki_searchwords,NULL,<blank>,<blank>,281474976710655,latin1_swedish_ci,NULL,0
MyISAM,0,10,NULL,0,BASE TABLE,NULL,2010-04-16 04:45:12,0,2010-04-16 04:45:12,1024,tikiwiki195,Dynamic,tiki_secdb,NULL,<blank>,<blank>,281474976710655,latin1_swedish_ci,NULL,0
MyISAM,0,10,NULL,0,BASE TABLE,NULL,2010-04-16 04:45:12,0,2010-04-16 04:45:12,1024,tikiwiki195,Dynamic,tiki_semaphores,NULL,<blank>,<blank>,281474976710655,latin1_swedish_ci,NULL,0
MyISAM,0,10,NULL,0,BASE TABLE,NULL,2010-04-16 04:45:12,0,2010-04-16 04:45:12,1024,tikiwiki195,Dynamic,tiki_sent_newsletters,NULL,<blank>,<blank>,281474976710655,latin1_swedish_ci,1,0
MyISAM,0,10,NULL,3,BASE TABLE,NULL,2010-04-16 04:45:12,300,2012-05-14 00:14:02,2048,tikiwiki195,Dynamic,tiki_sessions,NULL,<blank>,<blank>,281474976710655,latin1_swedish_ci,NULL,100
MyISAM,0,10,NULL,0,BASE TABLE,NULL,2010-04-16 04:45:12,0,2010-04-16 04:45:12,1024,tikiwiki195,Dynamic,tiki_sheet_layout,NULL,<blank>,<blank>,281474976710655,latin1_swedish_ci,NULL,0
MyISAM,0,10,NULL,0,BASE TABLE,NULL,2010-04-16 04:45:12,0,2010-04-16 04:45:12,1024,tikiwiki195,Dynamic,tiki_sheet_values,NULL,<blank>,<blank>,281474976710655,latin1_swedish_ci,NULL,0
MyISAM,0,10,NULL,0,BASE TABLE,NULL,2010-04-16 04:45:12,0,2010-04-16 04:45:12,1024,tikiwiki195,Dynamic,tiki_sheets,NULL,<blank>,<blank>,281474976710655,latin1_swedish_ci,1,0
MyISAM,0,10,NULL,0,BASE TABLE,NULL,2010-04-16 04:45:12,0,2010-04-16 04:45:12,1024,tikiwiki195,Dynamic,tiki_shoutbox,NULL,<blank>,<blank>,281474976710655,latin1_swedish_ci,1,0
MyISAM,0,10,NULL,0,BASE TABLE,NULL,2010-04-16 04:45:12,0,2010-04-16 04:45:12,1024,tikiwiki195,Dynamic,tiki_shoutbox_words,NULL,<blank>,<blank>,281474976710655,latin1_swedish_ci,NULL,0
MyISAM,0,10,NULL,2,BASE TABLE,NULL,2010-04-16 04:45:12,56,2010-04-19 19:17:46,3072,tikiwiki195,Dynamic,tiki_stats,NULL,<blank>,<blank>,281474976710655,latin1_swedish_ci,NULL,28
MyISAM,0,10,NULL,0,BASE TABLE,NULL,2010-04-16 04:45:12,0,2010-04-16 04:45:12,1024,tikiwiki195,Fixed,tiki_structure_versions,NULL,<blank>,<blank>,2533274790395903,latin1_swedish_ci,1,0
MyISAM,0,10,NULL,0,BASE TABLE,NULL,2010-04-16 04:45:12,0,2010-04-16 04:45:12,1024,tikiwiki195,Dynamic,tiki_structures,NULL,<blank>,<blank>,281474976710655,latin1_swedish_ci,1,0
MyISAM,0,10,NULL,0,BASE TABLE,NULL,2010-04-16 04:45:12,0,2010-04-16 04:45:12,1024,tikiwiki195,Dynamic,tiki_submissions,NULL,<blank>,<blank>,281474976710655,latin1_swedish_ci,1,0
MyISAM,0,10,NULL,0,BASE TABLE,NULL,2010-04-16 04:45:12,0,2010-04-16 04:45:12,1024,tikiwiki195,Dynamic,tiki_suggested_faq_questions,NULL,<blank>,<blank>,281474976710655,latin1_swedish_ci,1,0
MyISAM,0,10,NULL,0,BASE TABLE,NULL,2010-04-16 04:45:12,0,2010-04-16 04:45:12,1024,tikiwiki195,Dynamic,tiki_survey_question_options,NULL,<blank>,<blank>,281474976710655,latin1_swedish_ci,1,0
MyISAM,0,10,NULL,0,BASE TABLE,NULL,2010-04-16 04:45:12,0,2010-04-16 04:45:12,1024,tikiwiki195,Dynamic,tiki_survey_questions,NULL,<blank>,<blank>,281474976710655,latin1_swedish_ci,1,0
MyISAM,0,10,NULL,0,BASE TABLE,NULL,2010-04-16 04:45:12,0,2010-04-16 04:45:12,1024,tikiwiki195,Dynamic,tiki_surveys,NULL,<blank>,<blank>,281474976710655,latin1_swedish_ci,1,0
MyISAM,0,10,NULL,0,BASE TABLE,NULL,2010-04-16 04:45:12,0,2010-04-16 04:45:12,1024,tikiwiki195,Dynamic,tiki_tags,NULL,<blank>,<blank>,281474976710655,latin1_swedish_ci,NULL,0
MyISAM,0,10,NULL,0,BASE TABLE,NULL,2010-04-16 04:45:12,0,2010-04-16 04:45:12,1024,tikiwiki195,Dynamic,tiki_theme_control_categs,NULL,<blank>,<blank>,281474976710655,latin1_swedish_ci,NULL,0
MyISAM,0,10,NULL,0,BASE TABLE,NULL,2010-04-16 04:45:12,0,2010-04-16 04:45:12,1024,tikiwiki195,Dynamic,tiki_theme_control_objects,NULL,<blank>,<blank>,281474976710655,latin1_swedish_ci,NULL,0
MyISAM,0,10,NULL,0,BASE TABLE,NULL,2010-04-16 04:45:12,0,2010-04-16 04:45:12,1024,tikiwiki195,Dynamic,tiki_theme_control_sections,NULL,<blank>,<blank>,281474976710655,latin1_swedish_ci,NULL,0
MyISAM,0,10,NULL,0,BASE TABLE,NULL,2010-04-16 04:45:12,0,2010-04-16 04:45:12,1024,tikiwiki195,Dynamic,tiki_topics,NULL,<blank>,<blank>,281474976710655,latin1_swedish_ci,1,0
MyISAM,0,10,NULL,0,BASE TABLE,NULL,2010-04-16 04:45:12,0,2010-04-16 04:45:12,1024,tikiwiki195,Dynamic,tiki_tracker_fields,NULL,<blank>,<blank>,281474976710655,latin1_swedish_ci,1,0
MyISAM,0,10,NULL,0,BASE TABLE,NULL,2010-04-16 04:45:12,0,2010-04-16 04:45:12,1024,tikiwiki195,Dynamic,tiki_tracker_item_attachments,NULL,<blank>,<blank>,281474976710655,latin1_swedish_ci,1,0
MyISAM,0,10,NULL,0,BASE TABLE,NULL,2010-04-16 04:45:12,0,2010-04-16 04:45:12,1024,tikiwiki195,Dynamic,tiki_tracker_item_comments,NULL,<blank>,<blank>,281474976710655,latin1_swedish_ci,1,0
MyISAM,0,10,NULL,0,BASE TABLE,NULL,2010-04-16 04:45:12,0,2010-04-16 04:45:12,1024,tikiwiki195,Dynamic,tiki_tracker_item_fields,NULL,<blank>,<blank>,281474976710655,latin1_swedish_ci,NULL,0
MyISAM,0,10,NULL,0,BASE TABLE,NULL,2010-04-16 04:45:12,0,2010-04-16 04:45:12,1024,tikiwiki195,Fixed,tiki_tracker_items,NULL,<blank>,<blank>,5066549580791807,latin1_swedish_ci,1,0
MyISAM,0,10,NULL,0,BASE TABLE,NULL,2010-04-16 04:45:12,0,2010-04-16 04:45:12,1024,tikiwiki195,Dynamic,tiki_tracker_options,NULL,<blank>,<blank>,281474976710655,latin1_swedish_ci,NULL,0
MyISAM,0,10,NULL,0,BASE TABLE,NULL,2010-04-16 04:45:12,0,2010-04-16 04:45:12,1024,tikiwiki195,Dynamic,tiki_trackers,NULL,<blank>,<blank>,281474976710655,latin1_swedish_ci,1,0
MyISAM,0,10,NULL,0,BASE TABLE,NULL,2010-04-16 04:45:12,0,2010-04-16 04:45:12,1024,tikiwiki195,Dynamic,tiki_translated_objects,NULL,<blank>,<blank>,281474976710655,latin1_swedish_ci,1,0
MyISAM,0,10,NULL,0,BASE TABLE,NULL,2010-04-16 04:45:12,0,2010-04-16 04:45:12,1024,tikiwiki195,Dynamic,tiki_untranslated,NULL,<blank>,<blank>,281474976710655,latin1_swedish_ci,1,0
MyISAM,0,10,NULL,0,BASE TABLE,NULL,2010-04-16 04:45:12,0,2010-04-16 04:45:12,1024,tikiwiki195,Fixed,tiki_user_answers,NULL,<blank>,<blank>,4785074604081151,latin1_swedish_ci,NULL,0
MyISAM,0,10,NULL,0,BASE TABLE,NULL,2010-04-16 04:45:12,0,2010-04-16 04:45:12,1024,tikiwiki195,Dynamic,tiki_user_answers_uploads,NULL,<blank>,<blank>,281474976710655,latin1_swedish_ci,1,0
MyISAM,0,10,NULL,0,BASE TABLE,NULL,2010-04-16 04:45:12,0,2010-04-16 04:45:12,1024,tikiwiki195,Dynamic,tiki_user_assigned_modules,NULL,<blank>,<blank>,281474976710655,latin1_swedish_ci,NULL,0
MyISAM,0,10,NULL,0,BASE TABLE,NULL,2010-04-16 04:45:12,0,2010-04-16 04:45:12,1024,tikiwiki195,Dynamic,tiki_user_bookmarks_folders,NULL,<blank>,<blank>,281474976710655,latin1_swedish_ci,1,0
MyISAM,0,10,NULL,0,BASE TABLE,NULL,2010-04-16 04:45:12,0,2010-04-16 04:45:12,1024,tikiwiki195,Dynamic,tiki_user_bookmarks_urls,NULL,<blank>,<blank>,281474976710655,latin1_swedish_ci,1,0
MyISAM,0,10,NULL,0,BASE TABLE,NULL,2010-04-16 04:45:12,0,2010-04-16 04:45:12,1024,tikiwiki195,Dynamic,tiki_user_mail_accounts,NULL,<blank>,<blank>,281474976710655,latin1_swedish_ci,1,0
MyISAM,0,10,NULL,0,BASE TABLE,NULL,2010-04-16 04:45:12,0,2010-04-16 04:45:12,1024,tikiwiki195,Dynamic,tiki_user_menus,NULL,<blank>,<blank>,281474976710655,latin1_swedish_ci,1,0
MyISAM,0,10,NULL,1,BASE TABLE,NULL,2010-04-16 04:45:12,48,2010-04-16 04:45:12,2048,tikiwiki195,Dynamic,tiki_user_modules,NULL,<blank>,<blank>,281474976710655,latin1_swedish_ci,NULL,48
MyISAM,0,10,NULL,0,BASE TABLE,NULL,2010-04-16 04:45:12,0,2010-04-16 04:45:12,1024,tikiwiki195,Dynamic,tiki_user_notes,NULL,<blank>,<blank>,281474976710655,latin1_swedish_ci,1,0
MyISAM,0,10,NULL,0,BASE TABLE,NULL,2010-04-16 04:45:12,0,2010-04-16 04:45:12,1024,tikiwiki195,Dynamic,tiki_user_postings,NULL,<blank>,<blank>,281474976710655,latin1_swedish_ci,NULL,0
MyISAM,0,10,NULL,1,BASE TABLE,NULL,2010-04-16 04:45:12,40,2010-04-16 04:45:12,2048,tikiwiki195,Dynamic,tiki_user_preferences,NULL,<blank>,<blank>,281474976710655,latin1_swedish_ci,NULL,40
MyISAM,0,10,NULL,0,BASE TABLE,NULL,2010-04-16 04:45:12,0,2010-04-16 04:45:12,1024,tikiwiki195,Dynamic,tiki_user_quizzes,NULL,<blank>,<blank>,281474976710655,latin1_swedish_ci,1,0
MyISAM,0,10,NULL,0,BASE TABLE,NULL,2010-04-16 04:45:12,0,2010-04-16 04:45:12,1024,tikiwiki195,Dynamic,tiki_user_taken_quizzes,NULL,<blank>,<blank>,281474976710655,latin1_swedish_ci,NULL,0
MyISAM,0,10,NULL,0,BASE TABLE,NULL,2010-04-16 04:45:12,0,2010-04-16 04:45:12,1024,tikiwiki195,Dynamic,tiki_user_tasks,NULL,<blank>,<blank>,281474976710655,latin1_swedish_ci,1,0
MyISAM,0,10,NULL,0,BASE TABLE,NULL,2010-04-16 04:45:12,0,2010-04-16 04:45:12,1024,tikiwiki195,Dynamic,tiki_user_tasks_history,NULL,<blank>,<blank>,281474976710655,latin1_swedish_ci,NULL,0
MyISAM,0,10,NULL,0,BASE TABLE,NULL,2010-04-16 04:45:12,0,2010-04-16 04:45:12,1024,tikiwiki195,Dynamic,tiki_user_votings,NULL,<blank>,<blank>,281474976710655,latin1_swedish_ci,NULL,0
MyISAM,0,10,NULL,0,BASE TABLE,NULL,2010-04-16 04:45:12,0,2010-04-16 04:45:12,1024,tikiwiki195,Dynamic,tiki_user_watches,NULL,<blank>,<blank>,281474976710655,latin1_swedish_ci,NULL,0
MyISAM,0,10,NULL,0,BASE TABLE,NULL,2010-04-16 04:45:12,0,2010-04-16 04:45:12,1024,tikiwiki195,Dynamic,tiki_userfiles,NULL,<blank>,<blank>,281474976710655,latin1_swedish_ci,1,0
MyISAM,0,10,NULL,0,BASE TABLE,NULL,2010-04-16 04:45:12,0,2010-04-16 04:45:12,1024,tikiwiki195,Dynamic,tiki_userpoints,NULL,<blank>,<blank>,281474976710655,latin1_swedish_ci,NULL,0
MyISAM,0,10,NULL,0,BASE TABLE,NULL,2010-04-16 04:45:12,0,2010-04-16 04:45:12,1024,tikiwiki195,Dynamic,tiki_users,NULL,<blank>,<blank>,281474976710655,latin1_swedish_ci,NULL,0
MyISAM,0,10,NULL,0,BASE TABLE,NULL,2010-04-16 04:45:12,0,2010-04-16 04:45:12,1024,tikiwiki195,Fixed,tiki_users_score,NULL,<blank>,<blank>,25051272927248383,latin1_swedish_ci,NULL,0
MyISAM,0,10,NULL,0,BASE TABLE,NULL,2010-04-16 04:45:12,0,2010-04-16 04:45:12,1024,tikiwiki195,Dynamic,tiki_webmail_contacts,NULL,<blank>,<blank>,281474976710655,latin1_swedish_ci,1,0
MyISAM,0,10,NULL,0,BASE TABLE,NULL,2010-04-16 04:45:12,0,2010-04-16 04:45:12,1024,tikiwiki195,Dynamic,tiki_webmail_messages,NULL,<blank>,<blank>,281474976710655,latin1_swedish_ci,NULL,0
MyISAM,0,10,NULL,0,BASE TABLE,NULL,2010-04-16 04:45:12,0,2010-04-16 04:45:12,1024,tikiwiki195,Dynamic,tiki_wiki_attachments,NULL,<blank>,<blank>,281474976710655,latin1_swedish_ci,1,0
MyISAM,0,10,NULL,0,BASE TABLE,NULL,2010-04-16 04:45:12,0,2010-04-16 04:45:12,1024,tikiwiki195,Dynamic,tiki_zones,NULL,<blank>,<blank>,281474976710655,latin1_swedish_ci,NULL,0
MyISAM,0,10,NULL,3,BASE TABLE,NULL,2010-04-16 04:45:12,112,2010-04-16 04:45:12,2048,tikiwiki195,Dynamic,users_grouppermissions,NULL,<blank>,<blank>,281474976710655,latin1_swedish_ci,NULL,37
MyISAM,0,10,NULL,2,BASE TABLE,NULL,2010-04-16 04:45:12,88,2010-04-16 04:45:12,2048,tikiwiki195,Dynamic,users_groups,NULL,<blank>,<blank>,281474976710655,latin1_swedish_ci,NULL,44
MyISAM,0,10,NULL,0,BASE TABLE,NULL,2010-04-16 04:45:12,0,2010-04-16 04:45:12,1024,tikiwiki195,Dynamic,users_objectpermissions,NULL,<blank>,<blank>,281474976710655,latin1_swedish_ci,NULL,0
MyISAM,0,10,NULL,177,BASE TABLE,NULL,2010-04-16 04:45:12,12044,2010-04-16 04:45:12,10240,tikiwiki195,Dynamic,users_permissions,NULL,<blank>,<blank>,281474976710655,latin1_swedish_ci,NULL,68
MyISAM,0,10,NULL,0,BASE TABLE,NULL,2010-04-16 04:45:12,0,2010-04-16 04:45:12,1024,tikiwiki195,Dynamic,users_usergroups,NULL,<blank>,<blank>,281474976710655,latin1_swedish_ci,NULL,0
MyISAM,0,10,NULL,1,BASE TABLE,NULL,2010-04-16 04:45:12,88,2010-04-19 17:29:00,3072,tikiwiki195,Dynamic,users_users,NULL,<blank>,<blank>,281474976710655,latin1_swedish_ci,2,88

